+---------+----------------------+---------------------+
| section | audit_name           | audited_at          |
+---------+----------------------+---------------------+
| audit   | 04_sympathetic_items | 2026-05-24 15:33:05 |
+---------+----------------------+---------------------+
+-------+------------------------------------------+------------+------------+-----------+--------------------+-----------+--------------------+-----------+--------------------+----------+----------+----------+----------+----------+----------+----------+----------+----------+-----------+-----------+-----------+-----------+
| id    | name                                     | goodEffect | targettype | effectid1 | effect_base_value1 | effectid2 | effect_base_value2 | effectid3 | effect_base_value3 | classes1 | classes2 | classes3 | classes4 | classes5 | classes6 | classes7 | classes8 | classes9 | classes10 | classes11 | classes12 | classes13 |
+-------+------------------------------------------+------------+------------+-----------+--------------------+-----------+--------------------+-----------+--------------------+----------+----------+----------+----------+----------+----------+----------+----------+----------+-----------+-----------+-----------+-----------+
|   489 | Sympathetic Aura                         |          1 |          5 |        10 |                  6 |       254 |                  0 |       254 |                  0 |      255 |      255 |      255 |      255 |      255 |      255 |      255 |      255 |      255 |       255 |       255 |       255 |       255 |
|  1020 | Air Elemental Strike I                   |          0 |          5 |        21 |               3000 |         0 |                -10 |       254 |                  0 |      255 |      255 |      255 |      255 |      255 |      255 |      255 |      255 |      255 |       255 |       255 |       255 |       255 |
|  6330 | Chaotic Strike I                         |          0 |          5 |         0 |               -100 |        21 |               1000 |       254 |                  0 |      255 |      255 |      255 |      255 |      255 |      255 |      255 |      255 |      255 |       255 |       255 |       255 |       255 |
|  6331 | Chaotic Strike II                        |          0 |          5 |         0 |               -125 |        21 |               1000 |       254 |                  0 |      255 |      255 |      255 |      255 |      255 |      255 |      255 |      255 |      255 |       255 |       255 |       255 |       255 |
|  6332 | Chaotic Strike III                       |          0 |          5 |         0 |               -150 |        21 |               1000 |       254 |                  0 |      255 |      255 |      255 |      255 |      255 |      255 |      255 |      255 |      255 |       255 |       255 |       255 |       255 |
|  6333 | Chaotic Strike IV                        |          0 |          5 |         0 |               -175 |        21 |               1000 |       254 |                  0 |      255 |      255 |      255 |      255 |      255 |      255 |      255 |      255 |      255 |       255 |       255 |       255 |       255 |
|  6341 | Freezing Strike I                        |          0 |          5 |         0 |               -100 |       254 |                  0 |       254 |                  0 |      255 |      255 |      255 |      255 |      255 |      255 |      255 |      255 |      255 |       255 |       255 |       255 |       255 |
|  6342 | Freezing Strike II                       |          0 |          5 |         0 |               -125 |       254 |                  0 |       254 |                  0 |      255 |      255 |      255 |      255 |      255 |      255 |      255 |      255 |      255 |       255 |       255 |       255 |       255 |
|  6343 | Freezing Strike III                      |          0 |          5 |         0 |               -150 |       254 |                  0 |       254 |                  0 |      255 |      255 |      255 |      255 |      255 |      255 |      255 |      255 |      255 |       255 |       255 |       255 |       255 |
|  6344 | Freezing Strike IV                       |          0 |          5 |         0 |               -175 |       254 |                  0 |       254 |                  0 |      255 |      255 |      255 |      255 |      255 |      255 |      255 |      255 |      255 |       255 |       255 |       255 |       255 |
|  6349 | Freezing Strike IX                       |          0 |          5 |         0 |               -300 |       254 |                  0 |       254 |                  0 |      255 |      255 |      255 |      255 |      255 |      255 |      255 |      255 |      255 |       255 |       255 |       255 |       255 |
|  6350 | Fiery Strike I                           |          0 |          5 |         0 |               -100 |       254 |                  0 |       254 |                  0 |      255 |      255 |      255 |      255 |      255 |      255 |      255 |      255 |      255 |       255 |       255 |       255 |       255 |
|  6351 | Fiery Strike II                          |          0 |          5 |         0 |               -125 |       254 |                  0 |       254 |                  0 |      255 |      255 |      255 |      255 |      255 |      255 |      255 |      255 |      255 |       255 |       255 |       255 |       255 |
|  6352 | Fiery Strike III                         |          0 |          5 |         0 |               -150 |       254 |                  0 |       254 |                  0 |      255 |      255 |      255 |      255 |      255 |      255 |      255 |      255 |      255 |       255 |       255 |       255 |       255 |
|  6353 | Fiery Strike IV                          |          0 |          5 |         0 |               -175 |       254 |                  0 |       254 |                  0 |      255 |      255 |      255 |      255 |      255 |      255 |      255 |      255 |      255 |       255 |       255 |       255 |       255 |
|  6358 | Fiery Strike IX                          |          0 |          5 |         0 |               -300 |       254 |                  0 |       254 |                  0 |      255 |      255 |      255 |      255 |      255 |      255 |      255 |      255 |      255 |       255 |       255 |       255 |       255 |
| 12303 | Stunning Strike II                       |          0 |          5 |         0 |               -250 |        21 |               1000 |       254 |                  0 |      255 |      255 |      255 |      255 |      255 |      255 |      255 |      255 |      255 |       255 |       255 |       255 |       255 |
| 12304 | Stunning Strike III                      |          0 |          5 |         0 |               -290 |        21 |               1000 |       254 |                  0 |      255 |      255 |      255 |      255 |      255 |      255 |      255 |      255 |      255 |       255 |       255 |       255 |       255 |
| 12305 | Stunning Strike IV                       |          0 |          5 |         0 |               -325 |        21 |               1000 |       254 |                  0 |      255 |      255 |      255 |      255 |      255 |      255 |      255 |      255 |      255 |       255 |       255 |       255 |       255 |
| 13397 | Sympathetic Minion                       |          1 |          6 |       383 |                 50 |       138 |                  0 |       348 |                 10 |      255 |      255 |      255 |      255 |      255 |      255 |      255 |      255 |      255 |       255 |       255 |       255 |       255 |
| 15514 | Air Elemental Strike II                  |          0 |          5 |        21 |               3000 |         0 |                -22 |       254 |                  0 |      255 |      255 |      255 |      255 |      255 |      255 |      255 |      255 |      255 |       255 |       255 |       255 |       255 |
| 15515 | Water Elemental Strike II                |          0 |          5 |         0 |                -45 |       254 |                  0 |       254 |                  0 |      255 |      255 |      255 |      255 |      255 |      255 |      255 |      255 |      255 |       255 |       255 |       255 |       255 |
| 15516 | Earth Elemental Strike III               |          0 |          5 |        79 |                -10 |        99 |             -10000 |       254 |                  0 |      255 |      255 |      255 |      255 |      255 |      255 |      255 |      255 |      255 |       255 |       255 |       255 |       255 |
| 15518 | Air Elemental Strike III                 |          0 |          5 |        21 |               3000 |         0 |                -26 |       254 |                  0 |      255 |      255 |      255 |      255 |      255 |      255 |      255 |      255 |      255 |       255 |       255 |       255 |       255 |
| 15519 | Water Elemental Strike III               |          0 |          5 |         0 |                -54 |       254 |                  0 |       254 |                  0 |      255 |      255 |      255 |      255 |      255 |      255 |      255 |      255 |      255 |       255 |       255 |       255 |       255 |
| 15520 | Earth Elemental Strike III               |          0 |          5 |        79 |                -10 |        99 |             -10000 |       254 |                  0 |      255 |      255 |      255 |      255 |      255 |      255 |      255 |      255 |      255 |       255 |       255 |       255 |       255 |
| 15522 | Air Elemental Strike IV                  |          0 |          5 |        21 |               3000 |         0 |                -53 |       254 |                  0 |      255 |      255 |      255 |      255 |      255 |      255 |      255 |      255 |      255 |       255 |       255 |       255 |       255 |
| 15523 | Water Elemental Strike IV                |          0 |          5 |         0 |                -44 |       254 |                  0 |       254 |                  0 |      255 |      255 |      255 |      255 |      255 |      255 |      255 |      255 |      255 |       255 |       255 |       255 |       255 |
| 15524 | Earth Elemental Strike IV                |          0 |          5 |        79 |                -10 |        99 |             -10000 |       254 |                  0 |      255 |      255 |      255 |      255 |      255 |      255 |      255 |      255 |      255 |       255 |       255 |       255 |       255 |
| 15542 | Air Elemental Strike IX                  |          0 |          5 |        21 |               3000 |         0 |               -649 |       254 |                  0 |      255 |      255 |      255 |      255 |      255 |      255 |      255 |      255 |      255 |       255 |       255 |       255 |       255 |
| 15543 | Water Elemental Strike IX                |          0 |          5 |         0 |               -448 |       254 |                  0 |       254 |                  0 |      255 |      255 |      255 |      255 |      255 |      255 |      255 |      255 |      255 |       255 |       255 |       255 |       255 |
| 15544 | Earth Elemental Strike IX                |          0 |          5 |        79 |                -10 |        99 |             -10000 |       254 |                  0 |      255 |      255 |      255 |      255 |      255 |      255 |      255 |      255 |      255 |       255 |       255 |       255 |       255 |
| 17853 | Stunning Strike II                       |          0 |          5 |         0 |               -250 |        21 |               1000 |       254 |                  0 |      255 |      255 |      255 |      255 |      255 |      255 |      255 |      255 |      255 |       255 |       255 |       255 |       255 |
| 17854 | Stunning Strike III                      |          0 |          5 |         0 |               -290 |        21 |               1000 |       254 |                  0 |      255 |      255 |      255 |      255 |      255 |      255 |      255 |      255 |      255 |       255 |       255 |       255 |       255 |
| 17855 | Stunning Strike IV                       |          0 |          5 |         0 |               -325 |        21 |               1000 |       254 |                  0 |      255 |      255 |      255 |      255 |      255 |      255 |      255 |      255 |      255 |       255 |       255 |       255 |       255 |
| 20249 | Sympathetic Hand of Soothing V           |          1 |          6 |       383 |                100 |       138 |                  1 |       348 |                 10 |      255 |      255 |      255 |      255 |      255 |      255 |      255 |      255 |      255 |       255 |       255 |       255 |       255 |
| 20599 | Sympathetic Hand of Soothing VI          |          1 |          6 |       383 |                100 |       138 |                  1 |       348 |                 10 |      255 |      255 |      255 |      255 |      255 |      255 |      255 |      255 |      255 |       255 |       255 |       255 |       255 |
| 20614 | Terris Thule Strike I                    |          0 |          5 |         0 |                -20 |       254 |                  0 |       254 |                  0 |      255 |      255 |      255 |      255 |      255 |      255 |      255 |      255 |      255 |       255 |       255 |       255 |       255 |
| 20615 | Terris Thule Strike II                   |          0 |          5 |         0 |                -30 |       254 |                  0 |       254 |                  0 |      255 |      255 |      255 |      255 |      255 |      255 |      255 |      255 |      255 |       255 |       255 |       255 |       255 |
| 20616 | Terris Thule Strike III                  |          0 |          5 |         0 |                -40 |       254 |                  0 |       254 |                  0 |      255 |      255 |      255 |      255 |      255 |      255 |      255 |      255 |      255 |       255 |       255 |       255 |       255 |
| 20617 | Terris Thule Strike IV                   |          0 |          5 |         0 |                -50 |       254 |                  0 |       254 |                  0 |      255 |      255 |      255 |      255 |      255 |      255 |      255 |      255 |      255 |       255 |       255 |       255 |       255 |
| 20621 | Fennin Ro Strike I                       |          0 |          5 |         0 |                -20 |       254 |                  0 |       254 |                  0 |      255 |      255 |      255 |      255 |      255 |      255 |      255 |      255 |      255 |       255 |       255 |       255 |       255 |
| 20622 | Fennin Ro Strike II                      |          0 |          5 |         0 |                -30 |       254 |                  0 |       254 |                  0 |      255 |      255 |      255 |      255 |      255 |      255 |      255 |      255 |      255 |       255 |       255 |       255 |       255 |
| 20623 | Fennin Ro Strike III                     |          0 |          5 |         0 |                -40 |       254 |                  0 |       254 |                  0 |      255 |      255 |      255 |      255 |      255 |      255 |      255 |      255 |      255 |       255 |       255 |       255 |       255 |
| 20624 | Fennin Ro Strike IV                      |          0 |          5 |         0 |                -50 |       254 |                  0 |       254 |                  0 |      255 |      255 |      255 |      255 |      255 |      255 |      255 |      255 |      255 |       255 |       255 |       255 |       255 |
| 20642 | Mithaniel Marr Strike I                  |          0 |          5 |         0 |                 -4 |        21 |                 20 |       254 |                  0 |      255 |      255 |      255 |      255 |      255 |      255 |      255 |      255 |      255 |       255 |       255 |       255 |       255 |
| 20643 | Mithaniel Marr Strike II                 |          0 |          5 |         0 |                 -6 |        21 |                 30 |       254 |                  0 |      255 |      255 |      255 |      255 |      255 |      255 |      255 |      255 |      255 |       255 |       255 |       255 |       255 |
| 20644 | Mithaniel Marr Strike III                |          0 |          5 |         0 |                 -8 |        21 |                 40 |       254 |                  0 |      255 |      255 |      255 |      255 |      255 |      255 |      255 |      255 |      255 |       255 |       255 |       255 |       255 |
| 20645 | Mithaniel Marr Strike IV                 |          0 |          5 |         0 |                -10 |        21 |                 50 |       254 |                  0 |      255 |      255 |      255 |      255 |      255 |      255 |      255 |      255 |      255 |       255 |       255 |       255 |       255 |
| 20649 | Tribunal Strike I                        |          0 |          5 |         0 |                -20 |       254 |                  0 |       254 |                  0 |      255 |      255 |      255 |      255 |      255 |      255 |      255 |      255 |      255 |       255 |       255 |       255 |       255 |
| 20650 | Tribunal Strike II                       |          0 |          5 |         0 |                -30 |       254 |                  0 |       254 |                  0 |      255 |      255 |      255 |      255 |      255 |      255 |      255 |      255 |      255 |       255 |       255 |       255 |       255 |
| 20651 | Tribunal Strike III                      |          0 |          5 |         0 |                -40 |       254 |                  0 |       254 |                  0 |      255 |      255 |      255 |      255 |      255 |      255 |      255 |      255 |      255 |       255 |       255 |       255 |       255 |
| 20652 | Tribunal Strike IV                       |          0 |          5 |         0 |                -50 |       254 |                  0 |       254 |                  0 |      255 |      255 |      255 |      255 |      255 |      255 |      255 |      255 |      255 |       255 |       255 |       255 |       255 |
| 20656 | Saryrn Strike I                          |          0 |          5 |         0 |                -20 |       254 |                  0 |       254 |                  0 |      255 |      255 |      255 |      255 |      255 |      255 |      255 |      255 |      255 |       255 |       255 |       255 |       255 |
| 20657 | Saryrn Strike II                         |          0 |          5 |         0 |                -30 |       254 |                  0 |       254 |                  0 |      255 |      255 |      255 |      255 |      255 |      255 |      255 |      255 |      255 |       255 |       255 |       255 |       255 |
| 20658 | Saryrn Strike III                        |          0 |          5 |         0 |                -40 |       254 |                  0 |       254 |                  0 |      255 |      255 |      255 |      255 |      255 |      255 |      255 |      255 |      255 |       255 |       255 |       255 |       255 |
| 20659 | Saryrn Strike IV                         |          0 |          5 |         0 |                -50 |       254 |                  0 |       254 |                  0 |      255 |      255 |      255 |      255 |      255 |      255 |      255 |      255 |      255 |       255 |       255 |       255 |       255 |
| 20670 | Karana Strike I                          |          0 |          5 |         0 |                -20 |       254 |                  0 |       254 |                  0 |      255 |      255 |      255 |      255 |      255 |      255 |      255 |      255 |      255 |       255 |       255 |       255 |       255 |
| 20671 | Karana Strike II                         |          0 |          5 |         0 |                -30 |       254 |                  0 |       254 |                  0 |      255 |      255 |      255 |      255 |      255 |      255 |      255 |      255 |      255 |       255 |       255 |       255 |       255 |
| 20672 | Karana Strike III                        |          0 |          5 |         0 |                -40 |       254 |                  0 |       254 |                  0 |      255 |      255 |      255 |      255 |      255 |      255 |      255 |      255 |      255 |       255 |       255 |       255 |       255 |
| 20673 | Karana Strike IV                         |          0 |          5 |         0 |                -50 |       254 |                  0 |       254 |                  0 |      255 |      255 |      255 |      255 |      255 |      255 |      255 |      255 |      255 |       255 |       255 |       255 |       255 |
| 20677 | Cazic Thule Strike I                     |          0 |         13 |         0 |                -10 |       254 |                  0 |       254 |                  0 |      255 |      255 |      255 |      255 |      255 |      255 |      255 |      255 |      255 |       255 |       255 |       255 |       255 |
| 20678 | Cazic Thule Strike II                    |          0 |         13 |         0 |                -15 |       254 |                  0 |       254 |                  0 |      255 |      255 |      255 |      255 |      255 |      255 |      255 |      255 |      255 |       255 |       255 |       255 |       255 |
| 20679 | Cazic Thule Strike III                   |          0 |         13 |         0 |                -20 |       254 |                  0 |       254 |                  0 |      255 |      255 |      255 |      255 |      255 |      255 |      255 |      255 |      255 |       255 |       255 |       255 |       255 |
| 20680 | Cazic Thule Strike IV                    |          0 |         13 |         0 |                -25 |       254 |                  0 |       254 |                  0 |      255 |      255 |      255 |      255 |      255 |      255 |      255 |      255 |      255 |       255 |       255 |       255 |       255 |
| 20684 | Druzzil Ro Strike I                      |          0 |          5 |         0 |                -20 |       254 |                  0 |       254 |                  0 |      255 |      255 |      255 |      255 |      255 |      255 |      255 |      255 |      255 |       255 |       255 |       255 |       255 |
| 20685 | Druzzil Ro Strike II                     |          0 |          5 |         0 |                -30 |       254 |                  0 |       254 |                  0 |      255 |      255 |      255 |      255 |      255 |      255 |      255 |      255 |      255 |       255 |       255 |       255 |       255 |
| 20686 | Druzzil Ro Strike III                    |          0 |          5 |         0 |                -40 |       254 |                  0 |       254 |                  0 |      255 |      255 |      255 |      255 |      255 |      255 |      255 |      255 |      255 |       255 |       255 |       255 |       255 |
| 20687 | Druzzil Ro Strike IV                     |          0 |          5 |         0 |                -50 |       254 |                  0 |       254 |                  0 |      255 |      255 |      255 |      255 |      255 |      255 |      255 |      255 |      255 |       255 |       255 |       255 |       255 |
| 21520 | Arcane Strike I                          |          0 |          5 |         0 |               -100 |       254 |                  0 |       254 |                  0 |      255 |      255 |      255 |      255 |      255 |      255 |      255 |      255 |      255 |       255 |       255 |       255 |       255 |
| 21521 | Arcane Strike II                         |          0 |          5 |         0 |               -125 |       254 |                  0 |       254 |                  0 |      255 |      255 |      255 |      255 |      255 |      255 |      255 |      255 |      255 |       255 |       255 |       255 |       255 |
| 21522 | Arcane Strike III                        |          0 |          5 |         0 |               -150 |       254 |                  0 |       254 |                  0 |      255 |      255 |      255 |      255 |      255 |      255 |      255 |      255 |      255 |       255 |       255 |       255 |       255 |
| 21523 | Arcane Strike IV                         |          0 |          5 |         0 |               -175 |       254 |                  0 |       254 |                  0 |      255 |      255 |      255 |      255 |      255 |      255 |      255 |      255 |      255 |       255 |       255 |       255 |       255 |
| 21528 | Arcane Strike IX                         |          0 |          5 |         0 |               -300 |       254 |                  0 |       254 |                  0 |      255 |      255 |      255 |      255 |      255 |      255 |      255 |      255 |      255 |       255 |       255 |       255 |       255 |
| 21529 | Toxic Strike I                           |          0 |          5 |         0 |               -100 |       254 |                  0 |       254 |                  0 |      255 |      255 |      255 |      255 |      255 |      255 |      255 |      255 |      255 |       255 |       255 |       255 |       255 |
| 21530 | Toxic Strike II                          |          0 |          5 |         0 |               -125 |       254 |                  0 |       254 |                  0 |      255 |      255 |      255 |      255 |      255 |      255 |      255 |      255 |      255 |       255 |       255 |       255 |       255 |
| 21531 | Toxic Strike III                         |          0 |          5 |         0 |               -150 |       254 |                  0 |       254 |                  0 |      255 |      255 |      255 |      255 |      255 |      255 |      255 |      255 |      255 |       255 |       255 |       255 |       255 |
| 21532 | Toxic Strike IV                          |          0 |          5 |         0 |               -175 |       254 |                  0 |       254 |                  0 |      255 |      255 |      255 |      255 |      255 |      255 |      255 |      255 |      255 |       255 |       255 |       255 |       255 |
| 21537 | Toxic Strike IX                          |          0 |          5 |         0 |               -300 |       254 |                  0 |       254 |                  0 |      255 |      255 |      255 |      255 |      255 |      255 |      255 |      255 |      255 |       255 |       255 |       255 |       255 |
| 21538 | Afflicting Strike I                      |          0 |          5 |         0 |               -100 |       254 |                  0 |       254 |                  0 |      255 |      255 |      255 |      255 |      255 |      255 |      255 |      255 |      255 |       255 |       255 |       255 |       255 |
| 21539 | Afflicting Strike II                     |          0 |          5 |         0 |               -125 |       254 |                  0 |       254 |                  0 |      255 |      255 |      255 |      255 |      255 |      255 |      255 |      255 |      255 |       255 |       255 |       255 |       255 |
| 21540 | Afflicting Strike III                    |          0 |          5 |         0 |               -150 |       254 |                  0 |       254 |                  0 |      255 |      255 |      255 |      255 |      255 |      255 |      255 |      255 |      255 |       255 |       255 |       255 |       255 |
| 21541 | Afflicting Strike IV                     |          0 |          5 |         0 |               -175 |       254 |                  0 |       254 |                  0 |      255 |      255 |      255 |      255 |      255 |      255 |      255 |      255 |      255 |       255 |       255 |       255 |       255 |
| 21546 | Afflicting Strike IX                     |          0 |          5 |         0 |               -300 |       254 |                  0 |       254 |                  0 |      255 |      255 |      255 |      255 |      255 |      255 |      255 |      255 |      255 |       255 |       255 |       255 |       255 |
| 21551 | Sympathetic Fire V                       |          1 |          6 |       383 |                100 |       138 |                  0 |       348 |                 10 |      255 |      255 |      255 |      255 |      255 |      255 |      255 |      255 |      255 |       255 |       255 |       255 |       255 |
| 21552 | Sympathetic Fire VI                      |          1 |          6 |       383 |                100 |       138 |                  0 |       348 |                 10 |      255 |      255 |      255 |      255 |      255 |      255 |      255 |      255 |      255 |       255 |       255 |       255 |       255 |
| 21553 | Sympathetic Fire VII                     |          1 |          6 |       383 |                100 |       138 |                  0 |       348 |                 10 |      255 |      255 |      255 |      255 |      255 |      255 |      255 |      255 |      255 |       255 |       255 |       255 |       255 |
| 21554 | Sympathetic Fire VIII                    |          1 |          6 |       383 |                100 |       138 |                  0 |       348 |                 10 |      255 |      255 |      255 |      255 |      255 |      255 |      255 |      255 |      255 |       255 |       255 |       255 |       255 |
| 21555 | Sympathetic Fire IX                      |          1 |          6 |       383 |                100 |       138 |                  0 |       348 |                 10 |      255 |      255 |      255 |      255 |      255 |      255 |      255 |      255 |      255 |       255 |       255 |       255 |       255 |
| 21556 | Sympathetic Frost V                      |          1 |          6 |       383 |                100 |       138 |                  0 |       348 |                 10 |      255 |      255 |      255 |      255 |      255 |      255 |      255 |      255 |      255 |       255 |       255 |       255 |       255 |
| 21557 | Sympathetic Frost VI                     |          1 |          6 |       383 |                100 |       138 |                  0 |       348 |                 10 |      255 |      255 |      255 |      255 |      255 |      255 |      255 |      255 |      255 |       255 |       255 |       255 |       255 |
| 21558 | Sympathetic Frost VII                    |          1 |          6 |       383 |                100 |       138 |                  0 |       348 |                 10 |      255 |      255 |      255 |      255 |      255 |      255 |      255 |      255 |      255 |       255 |       255 |       255 |       255 |
| 21559 | Sympathetic Frost VIII                   |          1 |          6 |       383 |                100 |       138 |                  0 |       348 |                 10 |      255 |      255 |      255 |      255 |      255 |      255 |      255 |      255 |      255 |       255 |       255 |       255 |       255 |
| 21560 | Sympathetic Frost IX                     |          1 |          6 |       383 |                100 |       138 |                  0 |       348 |                 10 |      255 |      255 |      255 |      255 |      255 |      255 |      255 |      255 |      255 |       255 |       255 |       255 |       255 |
| 21561 | Sympathetic Lightning V                  |          1 |          6 |       383 |                100 |       138 |                  0 |       348 |                 10 |      255 |      255 |      255 |      255 |      255 |      255 |      255 |      255 |      255 |       255 |       255 |       255 |       255 |
| 21562 | Sympathetic Lightning VI                 |          1 |          6 |       383 |                100 |       138 |                  0 |       348 |                 10 |      255 |      255 |      255 |      255 |      255 |      255 |      255 |      255 |      255 |       255 |       255 |       255 |       255 |
| 21563 | Sympathetic Lightning VII                |          1 |          6 |       383 |                100 |       138 |                  0 |       348 |                 10 |      255 |      255 |      255 |      255 |      255 |      255 |      255 |      255 |      255 |       255 |       255 |       255 |       255 |
| 21564 | Sympathetic Lightning VIII               |          1 |          6 |       383 |                100 |       138 |                  0 |       348 |                 10 |      255 |      255 |      255 |      255 |      255 |      255 |      255 |      255 |      255 |       255 |       255 |       255 |       255 |
| 21565 | Sympathetic Lightning IX                 |          1 |          6 |       383 |                100 |       138 |                  0 |       348 |                 10 |      255 |      255 |      255 |      255 |      255 |      255 |      255 |      255 |      255 |       255 |       255 |       255 |       255 |
| 21566 | Sympathetic Toxin V                      |          1 |          6 |       383 |                100 |       138 |                  0 |       348 |                 10 |      255 |      255 |      255 |      255 |      255 |      255 |      255 |      255 |      255 |       255 |       255 |       255 |       255 |
| 21567 | Sympathetic Toxin VI                     |          1 |          6 |       383 |                100 |       138 |                  0 |       348 |                 10 |      255 |      255 |      255 |      255 |      255 |      255 |      255 |      255 |      255 |       255 |       255 |       255 |       255 |
| 21568 | Sympathetic Toxin VII                    |          1 |          6 |       383 |                100 |       138 |                  0 |       348 |                 10 |      255 |      255 |      255 |      255 |      255 |      255 |      255 |      255 |      255 |       255 |       255 |       255 |       255 |
| 21569 | Sympathetic Toxin VIII                   |          1 |          6 |       383 |                100 |       138 |                  0 |       348 |                 10 |      255 |      255 |      255 |      255 |      255 |      255 |      255 |      255 |      255 |       255 |       255 |       255 |       255 |
| 21570 | Sympathetic Toxin IX                     |          1 |          6 |       383 |                100 |       138 |                  0 |       348 |                 10 |      255 |      255 |      255 |      255 |      255 |      255 |      255 |      255 |      255 |       255 |       255 |       255 |       255 |
| 21571 | Sympathetic Disease V                    |          1 |          6 |       383 |                100 |       138 |                  0 |       348 |                 10 |      255 |      255 |      255 |      255 |      255 |      255 |      255 |      255 |      255 |       255 |       255 |       255 |       255 |
| 21572 | Sympathetic Disease VI                   |          1 |          6 |       383 |                100 |       138 |                  0 |       348 |                 10 |      255 |      255 |      255 |      255 |      255 |      255 |      255 |      255 |      255 |       255 |       255 |       255 |       255 |
| 21573 | Sympathetic Disease VII                  |          1 |          6 |       383 |                100 |       138 |                  0 |       348 |                 10 |      255 |      255 |      255 |      255 |      255 |      255 |      255 |      255 |      255 |       255 |       255 |       255 |       255 |
| 21574 | Sympathetic Disease VIII                 |          1 |          6 |       383 |                100 |       138 |                  0 |       348 |                 10 |      255 |      255 |      255 |      255 |      255 |      255 |      255 |      255 |      255 |       255 |       255 |       255 |       255 |
| 21575 | Sympathetic Disease IX                   |          1 |          6 |       383 |                100 |       138 |                  0 |       348 |                 10 |      255 |      255 |      255 |      255 |      255 |      255 |      255 |      255 |      255 |       255 |       255 |       255 |       255 |
| 21576 | Sympathetic Chaos V                      |          1 |          6 |       383 |                100 |       138 |                  0 |       348 |                 10 |      255 |      255 |      255 |      255 |      255 |      255 |      255 |      255 |      255 |       255 |       255 |       255 |       255 |
| 21577 | Sympathetic Chaos VI                     |          1 |          6 |       383 |                100 |       138 |                  0 |       348 |                 10 |      255 |      255 |      255 |      255 |      255 |      255 |      255 |      255 |      255 |       255 |       255 |       255 |       255 |
| 21578 | Sympathetic Chaos VII                    |          1 |          6 |       383 |                100 |       138 |                  0 |       348 |                 10 |      255 |      255 |      255 |      255 |      255 |      255 |      255 |      255 |      255 |       255 |       255 |       255 |       255 |
| 21579 | Sympathetic Sap III                      |          1 |          6 |       383 |                100 |       138 |                  0 |       348 |                 10 |      255 |      255 |      255 |      255 |      255 |      255 |      255 |      255 |      255 |       255 |       255 |       255 |       255 |
| 21580 | Sympathetic Sap IV                       |          1 |          6 |       383 |                100 |       138 |                  0 |       348 |                 10 |      255 |      255 |      255 |      255 |      255 |      255 |      255 |      255 |      255 |       255 |       255 |       255 |       255 |
| 21601 | Sympathetic Soothing V                   |          1 |          6 |       383 |                100 |       138 |                  0 |       348 |                 10 |      255 |      255 |      255 |      255 |      255 |      255 |      255 |      255 |      255 |       255 |       255 |       255 |       255 |
| 21602 | Sympathetic Soothing VI                  |          1 |          6 |       383 |                100 |       138 |                  0 |       348 |                 10 |      255 |      255 |      255 |      255 |      255 |      255 |      255 |      255 |      255 |       255 |       255 |       255 |       255 |
| 21603 | Sympathetic Soothing VII                 |          1 |          6 |       383 |                100 |       138 |                  0 |       348 |                 10 |      255 |      255 |      255 |      255 |      255 |      255 |      255 |      255 |      255 |       255 |       255 |       255 |       255 |
| 21604 | Sympathetic Soothing VIII                |          1 |          6 |       383 |                100 |       138 |                  0 |       348 |                 10 |      255 |      255 |      255 |      255 |      255 |      255 |      255 |      255 |      255 |       255 |       255 |       255 |       255 |
| 21605 | Sympathetic Soothing IX                  |          1 |          6 |       383 |                100 |       138 |                  0 |       348 |                 10 |      255 |      255 |      255 |      255 |      255 |      255 |      255 |      255 |      255 |       255 |       255 |       255 |       255 |
| 21606 | Sympathetic Calming V                    |          1 |          6 |       383 |                100 |       138 |                  0 |       348 |                 10 |      255 |      255 |      255 |      255 |      255 |      255 |      255 |      255 |      255 |       255 |       255 |       255 |       255 |
| 21607 | Sympathetic Calming VI                   |          1 |          6 |       383 |                100 |       138 |                  0 |       348 |                 10 |      255 |      255 |      255 |      255 |      255 |      255 |      255 |      255 |      255 |       255 |       255 |       255 |       255 |
| 21608 | Sympathetic Calming VII                  |          1 |          6 |       383 |                100 |       138 |                  0 |       348 |                 10 |      255 |      255 |      255 |      255 |      255 |      255 |      255 |      255 |      255 |       255 |       255 |       255 |       255 |
| 21609 | Sympathetic Calming VIII                 |          1 |          6 |       383 |                100 |       138 |                  0 |       348 |                 10 |      255 |      255 |      255 |      255 |      255 |      255 |      255 |      255 |      255 |       255 |       255 |       255 |       255 |
| 21610 | Sympathetic Calming IX                   |          1 |          6 |       383 |                100 |       138 |                  0 |       348 |                 10 |      255 |      255 |      255 |      255 |      255 |      255 |      255 |      255 |      255 |       255 |       255 |       255 |       255 |
| 21616 | Sympathetic Alleviation V                |          1 |          6 |       383 |                100 |       138 |                  0 |       348 |                200 |      255 |      255 |      255 |      255 |      255 |      255 |      255 |      255 |      255 |       255 |       255 |       255 |       255 |
| 21617 | Sympathetic Alleviation VI               |          1 |          6 |       383 |                100 |       138 |                  0 |       348 |                225 |      255 |      255 |      255 |      255 |      255 |      255 |      255 |      255 |      255 |       255 |       255 |       255 |       255 |
| 21618 | Sympathetic Alleviation VII              |          1 |          6 |       383 |                100 |       138 |                  0 |       348 |                250 |      255 |      255 |      255 |      255 |      255 |      255 |      255 |      255 |      255 |       255 |       255 |       255 |       255 |
| 21619 | Sympathetic Alleviation VIII             |          1 |          6 |       383 |                100 |       138 |                  0 |       348 |                275 |      255 |      255 |      255 |      255 |      255 |      255 |      255 |      255 |      255 |       255 |       255 |       255 |       255 |
| 21620 | Sympathetic Alleviation IX               |          1 |          6 |       383 |                100 |       138 |                  0 |       348 |                300 |      255 |      255 |      255 |      255 |      255 |      255 |      255 |      255 |      255 |       255 |       255 |       255 |       255 |
| 21993 | Tallon's Tactic Poison Strike I          |          0 |          5 |         0 |             -15438 |        92 |             -11205 |       374 |                100 |      255 |      255 |      255 |      255 |      255 |      255 |      255 |      255 |      255 |       255 |       255 |       255 |       255 |
| 21995 | Tallon's Tactic Poison Strike II         |          0 |          5 |         0 |             -17712 |        92 |             -12792 |       374 |                100 |      255 |      255 |      255 |      255 |      255 |      255 |      255 |      255 |      255 |       255 |       255 |       255 |       255 |
| 21997 | Vallon's Tactic Poison Strike I          |          0 |          5 |         0 |             -15438 |        92 |             -11205 |       374 |                100 |      255 |      255 |      255 |      255 |      255 |      255 |      255 |      255 |      255 |       255 |       255 |       255 |       255 |
| 21999 | Vallon's Tactic Poison Strike II         |          0 |          5 |         0 |             -17712 |        92 |             -12792 |       374 |                100 |      255 |      255 |      255 |      255 |      255 |      255 |      255 |      255 |      255 |       255 |       255 |       255 |       255 |
| 22001 | Spider's Bite Poison Strike I            |          0 |          5 |         0 |                 -1 |       254 |                  0 |       254 |                  0 |      255 |      255 |      255 |      255 |      255 |      255 |      255 |      255 |      255 |       255 |       255 |       255 |       255 |
| 22002 | Spider's Bite Poison Strike I            |          0 |          5 |         0 |                 -1 |       254 |                  0 |       254 |                  0 |      255 |      255 |      255 |      255 |      255 |      255 |      255 |      255 |      255 |       255 |       255 |       255 |       255 |
| 22004 | Spider's Bite Poison Strike II           |          0 |          5 |         0 |                 -1 |       254 |                  0 |       254 |                  0 |      255 |      255 |      255 |      255 |      255 |      255 |      255 |      255 |      255 |       255 |       255 |       255 |       255 |
| 22005 | Spider's Bite Poison Strike II           |          0 |          5 |         0 |                 -1 |       254 |                  0 |       254 |                  0 |      255 |      255 |      255 |      255 |      255 |      255 |      255 |      255 |      255 |       255 |       255 |       255 |       255 |
| 22007 | Spider's Bite Poison Strike III          |          0 |          5 |         0 |                 -1 |       254 |                  0 |       254 |                  0 |      255 |      255 |      255 |      255 |      255 |      255 |      255 |      255 |      255 |       255 |       255 |       255 |       255 |
| 22008 | Spider's Bite Poison Strike III          |          0 |          5 |         0 |                 -1 |       254 |                  0 |       254 |                  0 |      255 |      255 |      255 |      255 |      255 |      255 |      255 |      255 |      255 |       255 |       255 |       255 |       255 |
| 22010 | Spider's Bite Poison Strike IV           |          0 |          5 |         0 |                 -1 |       254 |                  0 |       254 |                  0 |      255 |      255 |      255 |      255 |      255 |      255 |      255 |      255 |      255 |       255 |       255 |       255 |       255 |
| 22011 | Spider's Bite Poison Strike IV           |          0 |          5 |         0 |                 -1 |       254 |                  0 |       254 |                  0 |      255 |      255 |      255 |      255 |      255 |      255 |      255 |      255 |      255 |       255 |       255 |       255 |       255 |
| 22025 | Scorpion's Agony Poison Strike I         |          0 |          5 |         0 |                 -1 |        92 |                  1 |       254 |                  0 |      255 |      255 |      255 |      255 |      255 |      255 |      255 |      255 |      255 |       255 |       255 |       255 |       255 |
| 22026 | Scorpion's Agony Poison Strike I         |          0 |          5 |         0 |                 -1 |        92 |                  1 |       254 |                  0 |      255 |      255 |      255 |      255 |      255 |      255 |      255 |      255 |      255 |       255 |       255 |       255 |       255 |
| 22028 | Scorpion's Agony Poison Strike II        |          0 |          5 |         0 |                 -1 |        92 |                  1 |       254 |                  0 |      255 |      255 |      255 |      255 |      255 |      255 |      255 |      255 |      255 |       255 |       255 |       255 |       255 |
| 22029 | Scorpion's Agony Poison Strike II        |          0 |          5 |         0 |                 -1 |        92 |                  1 |       254 |                  0 |      255 |      255 |      255 |      255 |      255 |      255 |      255 |      255 |      255 |       255 |       255 |       255 |       255 |
| 22031 | Scorpion's Agony Poison Strike III       |          0 |          5 |         0 |                 -1 |        92 |                  1 |       254 |                  0 |      255 |      255 |      255 |      255 |      255 |      255 |      255 |      255 |      255 |       255 |       255 |       255 |       255 |
| 22032 | Scorpion's Agony Poison Strike III       |          0 |          5 |         0 |                 -1 |        92 |                  1 |       254 |                  0 |      255 |      255 |      255 |      255 |      255 |      255 |      255 |      255 |      255 |       255 |       255 |       255 |       255 |
| 22034 | Scorpion's Agony Poison Strike IV        |          0 |          5 |         0 |                 -1 |        92 |                  1 |       254 |                  0 |      255 |      255 |      255 |      255 |      255 |      255 |      255 |      255 |      255 |       255 |       255 |       255 |       255 |
| 22035 | Scorpion's Agony Poison Strike IV        |          0 |          5 |         0 |                 -1 |        92 |                  1 |       254 |                  0 |      255 |      255 |      255 |      255 |      255 |      255 |      255 |      255 |      255 |       255 |       255 |       255 |       255 |
| 22049 | Bite of the Shissar Poison Strike I      |          0 |          5 |         0 |                 -1 |        92 |                 -1 |       254 |                  0 |      255 |      255 |      255 |      255 |      255 |      255 |      255 |      255 |      255 |       255 |       255 |       255 |       255 |
| 22051 | Bite of the Shissar Poison Strike II     |          0 |          5 |         0 |                 -1 |        92 |                 -1 |       254 |                  0 |      255 |      255 |      255 |      255 |      255 |      255 |      255 |      255 |      255 |       255 |       255 |       255 |       255 |
| 22053 | Bite of the Shissar Poison Strike III    |          0 |          5 |         0 |                 -1 |        92 |                 -1 |       254 |                  0 |      255 |      255 |      255 |      255 |      255 |      255 |      255 |      255 |      255 |       255 |       255 |       255 |       255 |
| 22055 | Bite of the Shissar Poison Strike IV     |          0 |          5 |         0 |                 -1 |        92 |                 -1 |       254 |                  0 |      255 |      255 |      255 |      255 |      255 |      255 |      255 |      255 |      255 |       255 |       255 |       255 |       255 |
| 22065 | Strike of the Shissar Poison Strike I    |          0 |          5 |         0 |                 -1 |        92 |                 -1 |       254 |                  0 |      255 |      255 |      255 |      255 |      255 |      255 |      255 |      255 |      255 |       255 |       255 |       255 |       255 |
| 22067 | Strike of the Shissar Poison Strike II   |          0 |          5 |         0 |                 -1 |        92 |                 -1 |       254 |                  0 |      255 |      255 |      255 |      255 |      255 |      255 |      255 |      255 |      255 |       255 |       255 |       255 |       255 |
| 22069 | Strike of the Shissar Poison Strike III  |          0 |          5 |         0 |                 -1 |        92 |                 -1 |       254 |                  0 |      255 |      255 |      255 |      255 |      255 |      255 |      255 |      255 |      255 |       255 |       255 |       255 |       255 |
| 22071 | Strike of the Shissar Poison Strike IV   |          0 |          5 |         0 |                 -1 |        92 |                 -1 |       254 |                  0 |      255 |      255 |      255 |      255 |      255 |      255 |      255 |      255 |      255 |       255 |       255 |       255 |       255 |
| 22081 | Strike of Ssraeshza Poison Strike I      |          0 |          5 |         0 |                 -1 |       254 |                  0 |       254 |                  0 |      255 |      255 |      255 |      255 |      255 |      255 |      255 |      255 |      255 |       255 |       255 |       255 |       255 |
| 22083 | Strike of Ssraeshza Poison Strike II     |          0 |          5 |         0 |                 -1 |       254 |                  0 |       254 |                  0 |      255 |      255 |      255 |      255 |      255 |      255 |      255 |      255 |      255 |       255 |       255 |       255 |       255 |
| 22085 | Strike of Ssraeshza Poison Strike III    |          0 |          5 |         0 |                 -1 |       254 |                  0 |       254 |                  0 |      255 |      255 |      255 |      255 |      255 |      255 |      255 |      255 |      255 |       255 |       255 |       255 |       255 |
| 22087 | Strike of Ssraeshza Poison Strike IV     |          0 |          5 |         0 |                 -1 |       254 |                  0 |       254 |                  0 |      255 |      255 |      255 |      255 |      255 |      255 |      255 |      255 |      255 |       255 |       255 |       255 |       255 |
| 22097 | Solusek's Burn Poison Strike I           |          0 |          5 |         0 |                 -1 |        92 |                 -1 |       254 |                  0 |      255 |      255 |      255 |      255 |      255 |      255 |      255 |      255 |      255 |       255 |       255 |       255 |       255 |
| 22099 | Solusek's Burn Poison Strike II          |          0 |          5 |         0 |                 -1 |        92 |                 -1 |       254 |                  0 |      255 |      255 |      255 |      255 |      255 |      255 |      255 |      255 |      255 |       255 |       255 |       255 |       255 |
| 22101 | Solusek's Burn Poison Strike III         |          0 |          5 |         0 |                 -1 |        92 |                 -1 |       254 |                  0 |      255 |      255 |      255 |      255 |      255 |      255 |      255 |      255 |      255 |       255 |       255 |       255 |       255 |
| 22103 | Solusek's Burn Poison Strike IV          |          0 |          5 |         0 |                 -1 |        92 |                 -1 |       254 |                  0 |      255 |      255 |      255 |      255 |      255 |      255 |      255 |      255 |      255 |       255 |       255 |       255 |       255 |
| 22113 | E`ci's Lament Poison Strike I            |          0 |          5 |         0 |                 -1 |        92 |                 -1 |       254 |                  0 |      255 |      255 |      255 |      255 |      255 |      255 |      255 |      255 |      255 |       255 |       255 |       255 |       255 |
| 22115 | E`ci's Lament Poison Strike II           |          0 |          5 |         0 |                 -1 |        92 |                 -1 |       254 |                  0 |      255 |      255 |      255 |      255 |      255 |      255 |      255 |      255 |      255 |       255 |       255 |       255 |       255 |
| 22117 | E`ci's Lament Poison Strike III          |          0 |          5 |         0 |                 -1 |        92 |                 -1 |       254 |                  0 |      255 |      255 |      255 |      255 |      255 |      255 |      255 |      255 |      255 |       255 |       255 |       255 |       255 |
| 22119 | E`ci's Lament Poison Strike IV           |          0 |          5 |         0 |                 -1 |        92 |                 -1 |       254 |                  0 |      255 |      255 |      255 |      255 |      255 |      255 |      255 |      255 |      255 |       255 |       255 |       255 |       255 |
| 22129 | Quellious' Trauma Poison Strike I        |          0 |          5 |        92 |                 -1 |       254 |                  0 |       254 |                  0 |      255 |      255 |      255 |      255 |      255 |      255 |      255 |      255 |      255 |       255 |       255 |       255 |       255 |
| 22131 | Quellious' Trauma Poison Strike II       |          0 |          5 |        92 |                 -1 |       254 |                  0 |       254 |                  0 |      255 |      255 |      255 |      255 |      255 |      255 |      255 |      255 |      255 |       255 |       255 |       255 |       255 |
| 22133 | Quellious' Trauma Poison Strike III      |          0 |          5 |        92 |                 -1 |       254 |                  0 |       254 |                  0 |      255 |      255 |      255 |      255 |      255 |      255 |      255 |      255 |      255 |       255 |       255 |       255 |       255 |
| 22135 | Quellious' Trauma Poison Strike IV       |          0 |          5 |        92 |                 -1 |       254 |                  0 |       254 |                  0 |      255 |      255 |      255 |      255 |      255 |      255 |      255 |      255 |      255 |       255 |       255 |       255 |       255 |
| 22145 | Myrmidon's Sloth Poison Strike I         |          0 |          5 |        10 |                  0 |        11 |                 79 |        36 |                  6 |      255 |      255 |      255 |      255 |      255 |      255 |      255 |      255 |      255 |       255 |       255 |       255 |       255 |
| 22147 | Myrmidon's Sloth Poison Strike II        |          0 |          5 |        10 |                  0 |        11 |                 77 |        36 |                  6 |      255 |      255 |      255 |      255 |      255 |      255 |      255 |      255 |      255 |       255 |       255 |       255 |       255 |
| 22149 | Myrmidon's Sloth Poison Strike III       |          0 |          5 |        10 |                  0 |        11 |                 76 |        36 |                  9 |      255 |      255 |      255 |      255 |      255 |      255 |      255 |      255 |      255 |       255 |       255 |       255 |       255 |
| 22151 | Myrmidon's Sloth Poison Strike IV        |          0 |          5 |        10 |                  0 |        11 |                 68 |        36 |                  9 |      255 |      255 |      255 |      255 |      255 |      255 |      255 |      255 |      255 |       255 |       255 |       255 |       255 |
| 22161 | Myrmidon's Sloth Poison Strike IX        |          0 |          5 |        10 |                  0 |        11 |                 37 |        36 |                 16 |      255 |      255 |      255 |      255 |      255 |      255 |      255 |      255 |      255 |       255 |       255 |       255 |       255 |
| 22165 | Messenger's Bane Poison Strike I         |          0 |          5 |        10 |                  0 |        10 |                  0 |        36 |                  6 |      255 |      255 |      255 |      255 |      255 |      255 |      255 |      255 |      255 |       255 |       255 |       255 |       255 |
| 22167 | Messenger's Bane Poison Strike II        |          0 |          5 |        10 |                  0 |        10 |                  0 |        36 |                  9 |      255 |      255 |      255 |      255 |      255 |      255 |      255 |      255 |      255 |       255 |       255 |       255 |       255 |
| 22169 | Messenger's Bane Poison Strike III       |          0 |          5 |        10 |                  0 |        10 |                  0 |        36 |                 12 |      255 |      255 |      255 |      255 |      255 |      255 |      255 |      255 |      255 |       255 |       255 |       255 |       255 |
| 22171 | Messenger's Bane Poison Strike IV        |          0 |          5 |        10 |                  0 |        10 |                  0 |        36 |                 16 |      255 |      255 |      255 |      255 |      255 |      255 |      255 |      255 |      255 |       255 |       255 |       255 |       255 |
| 22173 | Fighter's Bane Poison Strike I           |          0 |          5 |        10 |                  0 |        10 |                  0 |        36 |                  6 |      255 |      255 |      255 |      255 |      255 |      255 |      255 |      255 |      255 |       255 |       255 |       255 |       255 |
| 22175 | Fighter's Bane Poison Strike II          |          0 |          5 |        10 |                  0 |        10 |                  0 |        36 |                  6 |      255 |      255 |      255 |      255 |      255 |      255 |      255 |      255 |      255 |       255 |       255 |       255 |       255 |
| 22177 | Fighter's Bane Poison Strike III         |          0 |          5 |        10 |                  0 |        10 |                  0 |        36 |                  9 |      255 |      255 |      255 |      255 |      255 |      255 |      255 |      255 |      255 |       255 |       255 |       255 |       255 |
| 22179 | Fighter's Bane Poison Strike IV          |          0 |          5 |        10 |                  0 |        10 |                  0 |        36 |                  9 |      255 |      255 |      255 |      255 |      255 |      255 |      255 |      255 |      255 |       255 |       255 |       255 |       255 |
| 22189 | Fighter's Bane Poison Strike IX          |          0 |          5 |        10 |                  0 |        10 |                  0 |        36 |                 16 |      255 |      255 |      255 |      255 |      255 |      255 |      255 |      255 |      255 |       255 |       255 |       255 |       255 |
| 22197 | Warlord's Bane Poison Strike I           |          0 |          5 |        10 |                  0 |        11 |                 84 |        36 |                  6 |      255 |      255 |      255 |      255 |      255 |      255 |      255 |      255 |      255 |       255 |       255 |       255 |       255 |
| 22199 | Warlord's Bane Poison Strike II          |          0 |          5 |        10 |                  0 |        11 |                 83 |        36 |                  6 |      255 |      255 |      255 |      255 |      255 |      255 |      255 |      255 |      255 |       255 |       255 |       255 |       255 |
| 22201 | Warlord's Bane Poison Strike III         |          0 |          5 |        10 |                  0 |        11 |                 77 |        36 |                  9 |      255 |      255 |      255 |      255 |      255 |      255 |      255 |      255 |      255 |       255 |       255 |       255 |       255 |
| 22203 | Warlord's Bane Poison Strike IV          |          0 |          5 |        10 |                  0 |        11 |                 75 |        36 |                  9 |      255 |      255 |      255 |      255 |      255 |      255 |      255 |      255 |      255 |       255 |       255 |       255 |       255 |
| 22213 | Warlord's Bane Poison Strike IX          |          0 |          5 |        10 |                  0 |        11 |                 66 |        36 |                 16 |      255 |      255 |      255 |      255 |      255 |      255 |      255 |      255 |      255 |       255 |       255 |       255 |       255 |
| 22221 | Archer's Bane Poison Strike I            |          0 |          5 |        10 |                  0 |        10 |                  0 |        36 |                  6 |      255 |      255 |      255 |      255 |      255 |      255 |      255 |      255 |      255 |       255 |       255 |       255 |       255 |
| 22223 | Archer's Bane Poison Strike II           |          0 |          5 |        10 |                  0 |        10 |                  0 |        36 |                  6 |      255 |      255 |      255 |      255 |      255 |      255 |      255 |      255 |      255 |       255 |       255 |       255 |       255 |
| 22225 | Archer's Bane Poison Strike III          |          0 |          5 |        10 |                  0 |        10 |                  0 |        36 |                  9 |      255 |      255 |      255 |      255 |      255 |      255 |      255 |      255 |      255 |       255 |       255 |       255 |       255 |
| 22227 | Monk's Bane Poison Strike I              |          0 |          5 |        10 |                  0 |       172 |                 -3 |        36 |                  6 |      255 |      255 |      255 |      255 |      255 |      255 |      255 |      255 |      255 |       255 |       255 |       255 |       255 |
| 22229 | Monk's Bane Poison Strike II             |          0 |          5 |        10 |                  0 |       172 |                 -6 |        36 |                  6 |      255 |      255 |      255 |      255 |      255 |      255 |      255 |      255 |      255 |       255 |       255 |       255 |       255 |
| 22231 | Monk's Bane Poison Strike III            |          0 |          5 |        10 |                  0 |       172 |                 -9 |        36 |                  9 |      255 |      255 |      255 |      255 |      255 |      255 |      255 |      255 |      255 |       255 |       255 |       255 |       255 |
| 22235 | Pyrilen Burn Poison Strike I             |          0 |          5 |         0 |                 -1 |        92 |                 -1 |       254 |                  0 |      255 |      255 |      255 |      255 |      255 |      255 |      255 |      255 |      255 |       255 |       255 |       255 |       255 |
| 22237 | Pyrilen Burn Poison Strike II            |          0 |          5 |         0 |                 -1 |        92 |                 -1 |       254 |                  0 |      255 |      255 |      255 |      255 |      255 |      255 |      255 |      255 |      255 |       255 |       255 |       255 |       255 |
| 22239 | Pyrilen Burn Poison Strike III           |          0 |          5 |         0 |                 -1 |        92 |                 -1 |       254 |                  0 |      255 |      255 |      255 |      255 |      255 |      255 |      255 |      255 |      255 |       255 |       255 |       255 |       255 |
| 22241 | Pyrilen Burn Poison Strike IV            |          0 |          5 |         0 |                 -1 |        92 |                 -1 |       254 |                  0 |      255 |      255 |      255 |      255 |      255 |      255 |      255 |      255 |      255 |       255 |       255 |       255 |       255 |
| 22251 | Gelidran Lament Poison Strike I          |          0 |          5 |         0 |                 -1 |        92 |                 -1 |       254 |                  0 |      255 |      255 |      255 |      255 |      255 |      255 |      255 |      255 |      255 |       255 |       255 |       255 |       255 |
| 22253 | Gelidran Lament Poison Strike II         |          0 |          5 |         0 |                 -1 |        92 |                 -1 |       254 |                  0 |      255 |      255 |      255 |      255 |      255 |      255 |      255 |      255 |      255 |       255 |       255 |       255 |       255 |
| 22255 | Gelidran Lament Poison Strike III        |          0 |          5 |         0 |                 -1 |        92 |                 -1 |       254 |                  0 |      255 |      255 |      255 |      255 |      255 |      255 |      255 |      255 |      255 |       255 |       255 |       255 |       255 |
| 22257 | Gelidran Lament Poison Strike IV         |          0 |          5 |         0 |                 -1 |        92 |                 -1 |       254 |                  0 |      255 |      255 |      255 |      255 |      255 |      255 |      255 |      255 |      255 |       255 |       255 |       255 |       255 |
| 22267 | Hate of the Shissar Poison Strike I      |          0 |          5 |         0 |                 -1 |       254 |                  0 |       254 |                  0 |      255 |      255 |      255 |      255 |      255 |      255 |      255 |      255 |      255 |       255 |       255 |       255 |       255 |
| 22269 | Hate of the Shissar Poison Strike II     |          0 |          5 |         0 |                 -1 |       254 |                  0 |       254 |                  0 |      255 |      255 |      255 |      255 |      255 |      255 |      255 |      255 |      255 |       255 |       255 |       255 |       255 |
| 22271 | Hate of the Shissar Poison Strike III    |          0 |          5 |         0 |                 -1 |       254 |                  0 |       254 |                  0 |      255 |      255 |      255 |      255 |      255 |      255 |      255 |      255 |      255 |       255 |       255 |       255 |       255 |
| 22273 | Hate of the Shissar Poison Strike IV     |          0 |          5 |         0 |                 -1 |       254 |                  0 |       254 |                  0 |      255 |      255 |      255 |      255 |      255 |      255 |      255 |      255 |      255 |       255 |       255 |       255 |       255 |
| 22283 | Anger of the Shissar Poison Strike I     |          0 |          5 |         0 |                 -1 |       254 |                  0 |       254 |                  0 |      255 |      255 |      255 |      255 |      255 |      255 |      255 |      255 |      255 |       255 |       255 |       255 |       255 |
| 22285 | Anger of the Shissar Poison Strike II    |          0 |          5 |         0 |                 -1 |       254 |                  0 |       254 |                  0 |      255 |      255 |      255 |      255 |      255 |      255 |      255 |      255 |      255 |       255 |       255 |       255 |       255 |
| 22287 | Anger of the Shissar Poison Strike III   |          0 |          5 |         0 |                 -1 |       254 |                  0 |       254 |                  0 |      255 |      255 |      255 |      255 |      255 |      255 |      255 |      255 |      255 |       255 |       255 |       255 |       255 |
| 22289 | Anger of the Shissar Poison Strike IV    |          0 |          5 |         0 |                 -1 |       254 |                  0 |       254 |                  0 |      255 |      255 |      255 |      255 |      255 |      255 |      255 |      255 |      255 |       255 |       255 |       255 |       255 |
| 22476 | Companion's Strike I                     |          0 |          5 |        10 |                  0 |         0 |              -1500 |       254 |                  0 |      255 |      255 |      255 |      255 |      255 |      255 |      255 |      255 |      255 |       255 |       255 |       255 |       254 |
| 22477 | Companion's Strike II                    |          0 |          5 |        10 |                  0 |         0 |              -1500 |       254 |                  0 |      255 |      255 |      255 |      255 |      255 |      255 |      255 |      255 |      255 |       255 |       255 |       255 |       254 |
| 22478 | Companion's Strike III                   |          0 |          5 |        10 |                  0 |         0 |              -1500 |       254 |                  0 |      255 |      255 |      255 |      255 |      255 |      255 |      255 |      255 |      255 |       255 |       255 |       255 |       254 |
| 22479 | Companion's Strike IV                    |          0 |          5 |        10 |                  0 |         0 |              -1500 |       254 |                  0 |      255 |      255 |      255 |      255 |      255 |      255 |      255 |      255 |      255 |       255 |       255 |       255 |       254 |
| 22826 | Tallon's Tactic Poison Strike III        |          0 |          5 |         0 |             -20368 |        92 |             -12792 |       374 |                100 |      255 |      255 |      255 |      255 |      255 |      255 |      255 |      255 |      255 |       255 |       255 |       255 |       255 |
| 22827 | Tallon's Tactic Poison Strike III        |          0 |          5 |       297 |              32080 |       139 |              22828 |       254 |                  0 |      255 |      255 |      255 |      255 |      255 |      255 |      255 |      255 |      255 |       255 |       255 |       255 |       255 |
| 22828 | Vallon's Tactic Poison Strike III        |          0 |          5 |         0 |             -20368 |        92 |             -12792 |       374 |                100 |      255 |      255 |      255 |      255 |      255 |      255 |      255 |      255 |      255 |       255 |       255 |       255 |       255 |
| 22829 | Vallon's Tactic Poison Strike III        |          0 |          5 |       297 |              32080 |       139 |              22826 |       254 |                  0 |      255 |      255 |      255 |      255 |      255 |      255 |      255 |      255 |      255 |       255 |       255 |       255 |       255 |
| 22835 | Monk's Bane Poison Strike IV             |          0 |          5 |        10 |                  0 |       172 |                -12 |        36 |                 12 |      255 |      255 |      255 |      255 |      255 |      255 |      255 |      255 |      255 |       255 |       255 |       255 |       255 |
| 22954 | Companion's Strike I                     |          0 |          5 |        10 |                  0 |         0 |              -1500 |       254 |                  0 |      255 |      255 |      255 |      255 |      255 |      255 |      255 |      255 |      255 |       255 |       255 |       255 |       255 |
| 22957 | Companion's Strike II                    |          0 |          5 |        10 |                  0 |         0 |              -1875 |       254 |                  0 |      255 |      255 |      255 |      255 |      255 |      255 |      255 |      255 |      255 |       255 |       255 |       255 |       255 |
| 22960 | Companion's Strike III                   |          0 |          5 |        10 |                  0 |         0 |              -2000 |       254 |                  0 |      255 |      255 |      255 |      255 |      255 |      255 |      255 |      255 |      255 |       255 |       255 |       255 |       255 |
| 22963 | Companion's Strike IV                    |          0 |          5 |        10 |                  0 |         0 |              -2500 |       254 |                  0 |      255 |      255 |      255 |      255 |      255 |      255 |      255 |      255 |      255 |       255 |       255 |       255 |       255 |
| 23001 | Tallon's Tactic Poison Strike I          |          0 |          5 |       297 |              24318 |       139 |              21997 |       254 |                  0 |      255 |      255 |      255 |      255 |      255 |      255 |      255 |      255 |      255 |       255 |       255 |       255 |       255 |
| 23002 | Tallon's Tactic Poison Strike II         |          0 |          5 |       297 |              27896 |       139 |              21999 |       254 |                  0 |      255 |      255 |      255 |      255 |      255 |      255 |      255 |      255 |      255 |       255 |       255 |       255 |       255 |
| 23003 | Vallon's Tactic Poison Strike I          |          0 |          5 |       297 |              24318 |       139 |              21993 |       254 |                  0 |      255 |      255 |      255 |      255 |      255 |      255 |      255 |      255 |      255 |       255 |       255 |       255 |       255 |
| 23004 | Vallon's Tactic Poison Strike II         |          0 |          5 |       297 |              27896 |       139 |              21995 |       254 |                  0 |      255 |      255 |      255 |      255 |      255 |      255 |      255 |      255 |      255 |       255 |       255 |       255 |       255 |
| 23850 | Vampiric Strike I                        |          0 |         13 |         0 |               -144 |       254 |                  0 |       254 |                  0 |      255 |      255 |      255 |      255 |      255 |      255 |      255 |      255 |      255 |       255 |       255 |       255 |       255 |
| 23851 | Vampiric Strike II                       |          0 |         13 |         0 |               -168 |       254 |                  0 |       254 |                  0 |      255 |      255 |      255 |      255 |      255 |      255 |      255 |      255 |      255 |       255 |       255 |       255 |       255 |
| 23852 | Vampiric Strike III                      |          0 |         13 |         0 |               -192 |       254 |                  0 |       254 |                  0 |      255 |      255 |      255 |      255 |      255 |      255 |      255 |      255 |      255 |       255 |       255 |       255 |       255 |
| 23853 | Vampiric Strike IV                       |          0 |         13 |         0 |               -216 |       254 |                  0 |       254 |                  0 |      255 |      255 |      255 |      255 |      255 |      255 |      255 |      255 |      255 |       255 |       255 |       255 |       255 |
| 23858 | Vampiric Strike IX                       |          0 |         13 |         0 |               -540 |       254 |                  0 |       254 |                  0 |      255 |      255 |      255 |      255 |      255 |      255 |      255 |      255 |      255 |       255 |       255 |       255 |       255 |
| 23870 | Stunning Strike I                        |          0 |          5 |         0 |               -215 |        21 |               1000 |       254 |                  0 |      255 |      255 |      255 |      255 |      255 |      255 |      255 |      255 |      255 |       255 |       255 |       255 |       255 |
| 23871 | Stunning Strike II                       |          0 |          5 |         0 |               -250 |        21 |               1000 |       254 |                  0 |      255 |      255 |      255 |      255 |      255 |      255 |      255 |      255 |      255 |       255 |       255 |       255 |       255 |
| 23872 | Stunning Strike III                      |          0 |          5 |         0 |               -290 |        21 |               1000 |       254 |                  0 |      255 |      255 |      255 |      255 |      255 |      255 |      255 |      255 |      255 |       255 |       255 |       255 |       255 |
| 23873 | Stunning Strike IV                       |          0 |          5 |         0 |               -325 |        21 |               1000 |       254 |                  0 |      255 |      255 |      255 |      255 |      255 |      255 |      255 |      255 |      255 |       255 |       255 |       255 |       255 |
| 23878 | Stunning Strike IX                       |          0 |          5 |         0 |               -810 |        21 |               1000 |       254 |                  0 |      255 |      255 |      255 |      255 |      255 |      255 |      255 |      255 |      255 |       255 |       255 |       255 |       255 |
| 23920 | Soothing Strike I                        |          0 |          5 |        92 |                -60 |       254 |                  0 |       254 |                  0 |      255 |      255 |      255 |      255 |      255 |      255 |      255 |      255 |      255 |       255 |       255 |       255 |       255 |
| 23921 | Soothing Strike II                       |          0 |          5 |        92 |                -80 |       254 |                  0 |       254 |                  0 |      255 |      255 |      255 |      255 |      255 |      255 |      255 |      255 |      255 |       255 |       255 |       255 |       255 |
| 23922 | Soothing Strike III                      |          0 |          5 |        92 |               -110 |       254 |                  0 |       254 |                  0 |      255 |      255 |      255 |      255 |      255 |      255 |      255 |      255 |      255 |       255 |       255 |       255 |       255 |
| 23923 | Soothing Strike IV                       |          0 |          5 |        92 |               -140 |       254 |                  0 |       254 |                  0 |      255 |      255 |      255 |      255 |      255 |      255 |      255 |      255 |      255 |       255 |       255 |       255 |       255 |
| 23928 | Soothing Strike IX                       |          0 |          5 |        92 |               -360 |       254 |                  0 |       254 |                  0 |      255 |      255 |      255 |      255 |      255 |      255 |      255 |      255 |      255 |       255 |       255 |       255 |       255 |
| 23930 | Calming Strike I                         |          0 |          5 |        92 |               -480 |       254 |                  0 |       254 |                  0 |      255 |      255 |      255 |      255 |      255 |      255 |      255 |      255 |      255 |       255 |       255 |       255 |       255 |
| 23931 | Calming Strike II                        |          0 |          5 |        92 |               -560 |       254 |                  0 |       254 |                  0 |      255 |      255 |      255 |      255 |      255 |      255 |      255 |      255 |      255 |       255 |       255 |       255 |       255 |
| 23932 | Calming Strike III                       |          0 |          5 |        92 |               -640 |       254 |                  0 |       254 |                  0 |      255 |      255 |      255 |      255 |      255 |      255 |      255 |      255 |      255 |       255 |       255 |       255 |       255 |
| 23933 | Calming Strike IV                        |          0 |          5 |        92 |               -720 |       254 |                  0 |       254 |                  0 |      255 |      255 |      255 |      255 |      255 |      255 |      255 |      255 |      255 |       255 |       255 |       255 |       255 |
| 23938 | Calming Strike IX                        |          0 |          5 |        92 |              -1800 |       254 |                  0 |       254 |                  0 |      255 |      255 |      255 |      255 |      255 |      255 |      255 |      255 |      255 |       255 |       255 |       255 |       255 |
| 24340 | Sympathetic Strike of Magic VIII         |          1 |          6 |       383 |                100 |       138 |                  0 |       348 |                 10 |      255 |      255 |      255 |      255 |      255 |      255 |      255 |      255 |      255 |       255 |       255 |       255 |       255 |
| 24341 | Sympathetic Strike of Magic IX           |          1 |          6 |       383 |                100 |       138 |                  0 |       348 |                 10 |      255 |      255 |      255 |      255 |      255 |      255 |      255 |      255 |      255 |       255 |       255 |       255 |       255 |
| 24342 | Sympathetic Strike of Magic X            |          1 |          6 |       383 |                100 |       138 |                  0 |       348 |                 10 |      255 |      255 |      255 |      255 |      255 |      255 |      255 |      255 |      255 |       255 |       255 |       255 |       255 |
| 24343 | Sympathetic Force of Magic I             |          1 |          6 |       383 |                100 |       138 |                  0 |       348 |                 10 |      255 |      255 |      255 |      255 |      255 |      255 |      255 |      255 |      255 |       255 |       255 |       255 |       255 |
| 24344 | Sympathetic Force of Magic II            |          1 |          6 |       383 |                100 |       138 |                  0 |       348 |                 10 |      255 |      255 |      255 |      255 |      255 |      255 |      255 |      255 |      255 |       255 |       255 |       255 |       255 |
| 24345 | Sympathetic Force of Magic III           |          1 |          6 |       383 |                100 |       138 |                  0 |       348 |                 10 |      255 |      255 |      255 |      255 |      255 |      255 |      255 |      255 |      255 |       255 |       255 |       255 |       255 |
| 24346 | Sympathetic Force of Magic IV            |          1 |          6 |       383 |                100 |       138 |                  0 |       348 |                 10 |      255 |      255 |      255 |      255 |      255 |      255 |      255 |      255 |      255 |       255 |       255 |       255 |       255 |
| 24347 | Sympathetic Force of Magic V             |          1 |          6 |       383 |                100 |       138 |                  0 |       348 |                 10 |      255 |      255 |      255 |      255 |      255 |      255 |      255 |      255 |      255 |       255 |       255 |       255 |       255 |
| 24348 | Sympathetic Force of Magic VI            |          1 |          6 |       383 |                100 |       138 |                  0 |       348 |                 10 |      255 |      255 |      255 |      255 |      255 |      255 |      255 |      255 |      255 |       255 |       255 |       255 |       255 |
| 24349 | Sympathetic Force of Magic VII           |          1 |          6 |       383 |                100 |       138 |                  0 |       348 |                 10 |      255 |      255 |      255 |      255 |      255 |      255 |      255 |      255 |      255 |       255 |       255 |       255 |       255 |
| 24350 | Sympathetic Force of Magic VIII          |          1 |          6 |       383 |                100 |       138 |                  0 |       348 |                 10 |      255 |      255 |      255 |      255 |      255 |      255 |      255 |      255 |      255 |       255 |       255 |       255 |       255 |
| 24351 | Sympathetic Force of Magic IX            |          1 |          6 |       383 |                100 |       138 |                  0 |       348 |                 10 |      255 |      255 |      255 |      255 |      255 |      255 |      255 |      255 |      255 |       255 |       255 |       255 |       255 |
| 24352 | Sympathetic Force of Magic X             |          1 |          6 |       383 |                100 |       138 |                  0 |       348 |                 10 |      255 |      255 |      255 |      255 |      255 |      255 |      255 |      255 |      255 |       255 |       255 |       255 |       255 |
| 24353 | Sympathetic Strike of Fire VIII          |          1 |          6 |       383 |                100 |       138 |                  0 |       348 |                 10 |      255 |      255 |      255 |      255 |      255 |      255 |      255 |      255 |      255 |       255 |       255 |       255 |       255 |
| 24354 | Sympathetic Strike of Fire IX            |          1 |          6 |       383 |                100 |       138 |                  0 |       348 |                 10 |      255 |      255 |      255 |      255 |      255 |      255 |      255 |      255 |      255 |       255 |       255 |       255 |       255 |
| 24355 | Sympathetic Strike of Fire X             |          1 |          6 |       383 |                100 |       138 |                  0 |       348 |                 10 |      255 |      255 |      255 |      255 |      255 |      255 |      255 |      255 |      255 |       255 |       255 |       255 |       255 |
| 24356 | Sympathetic Strike of Flames I           |          1 |          6 |       383 |                100 |       138 |                  0 |       348 |                 10 |      255 |      255 |      255 |      255 |      255 |      255 |      255 |      255 |      255 |       255 |       255 |       255 |       255 |
| 24357 | Sympathetic Strike of Flames II          |          1 |          6 |       383 |                100 |       138 |                  0 |       348 |                 10 |      255 |      255 |      255 |      255 |      255 |      255 |      255 |      255 |      255 |       255 |       255 |       255 |       255 |
| 24358 | Sympathetic Strike of Flames III         |          1 |          6 |       383 |                100 |       138 |                  0 |       348 |                 10 |      255 |      255 |      255 |      255 |      255 |      255 |      255 |      255 |      255 |       255 |       255 |       255 |       255 |
| 24359 | Sympathetic Strike of Flames IV          |          1 |          6 |       383 |                100 |       138 |                  0 |       348 |                 10 |      255 |      255 |      255 |      255 |      255 |      255 |      255 |      255 |      255 |       255 |       255 |       255 |       255 |
| 24360 | Sympathetic Strike of Flames V           |          1 |          6 |       383 |                100 |       138 |                  0 |       348 |                 10 |      255 |      255 |      255 |      255 |      255 |      255 |      255 |      255 |      255 |       255 |       255 |       255 |       255 |
| 24361 | Sympathetic Strike of Flames VI          |          1 |          6 |       383 |                100 |       138 |                  0 |       348 |                 10 |      255 |      255 |      255 |      255 |      255 |      255 |      255 |      255 |      255 |       255 |       255 |       255 |       255 |
| 24362 | Sympathetic Strike of Flames VII         |          1 |          6 |       383 |                100 |       138 |                  0 |       348 |                 10 |      255 |      255 |      255 |      255 |      255 |      255 |      255 |      255 |      255 |       255 |       255 |       255 |       255 |
| 24363 | Sympathetic Strike of Flames VIII        |          1 |          6 |       383 |                100 |       138 |                  0 |       348 |                 10 |      255 |      255 |      255 |      255 |      255 |      255 |      255 |      255 |      255 |       255 |       255 |       255 |       255 |
| 24364 | Sympathetic Strike of Flames IX          |          1 |          6 |       383 |                100 |       138 |                  0 |       348 |                 10 |      255 |      255 |      255 |      255 |      255 |      255 |      255 |      255 |      255 |       255 |       255 |       255 |       255 |
| 24365 | Sympathetic Strike of Flames X           |          1 |          6 |       383 |                100 |       138 |                  0 |       348 |                 10 |      255 |      255 |      255 |      255 |      255 |      255 |      255 |      255 |      255 |       255 |       255 |       255 |       255 |
| 24366 | Sympathetic Burst of Cold VIII           |          1 |          6 |       383 |                100 |       138 |                  0 |       348 |                 10 |      255 |      255 |      255 |      255 |      255 |      255 |      255 |      255 |      255 |       255 |       255 |       255 |       255 |
| 24367 | Sympathetic Burst of Cold IX             |          1 |          6 |       383 |                100 |       138 |                  0 |       348 |                 10 |      255 |      255 |      255 |      255 |      255 |      255 |      255 |      255 |      255 |       255 |       255 |       255 |       255 |
| 24368 | Sympathetic Burst of Cold X              |          1 |          6 |       383 |                100 |       138 |                  0 |       348 |                 10 |      255 |      255 |      255 |      255 |      255 |      255 |      255 |      255 |      255 |       255 |       255 |       255 |       255 |
| 24369 | Sympathetic Burst of Ice I               |          1 |          6 |       383 |                100 |       138 |                  0 |       348 |                 10 |      255 |      255 |      255 |      255 |      255 |      255 |      255 |      255 |      255 |       255 |       255 |       255 |       255 |
| 24370 | Sympathetic Burst of Ice II              |          1 |          6 |       383 |                100 |       138 |                  0 |       348 |                 10 |      255 |      255 |      255 |      255 |      255 |      255 |      255 |      255 |      255 |       255 |       255 |       255 |       255 |
| 24371 | Sympathetic Burst of Ice III             |          1 |          6 |       383 |                100 |       138 |                  0 |       348 |                 10 |      255 |      255 |      255 |      255 |      255 |      255 |      255 |      255 |      255 |       255 |       255 |       255 |       255 |
| 24372 | Sympathetic Burst of Ice IV              |          1 |          6 |       383 |                100 |       138 |                  0 |       348 |                 10 |      255 |      255 |      255 |      255 |      255 |      255 |      255 |      255 |      255 |       255 |       255 |       255 |       255 |
| 24373 | Sympathetic Burst of Ice V               |          1 |          6 |       383 |                100 |       138 |                  0 |       348 |                 10 |      255 |      255 |      255 |      255 |      255 |      255 |      255 |      255 |      255 |       255 |       255 |       255 |       255 |
| 24374 | Sympathetic Burst of Ice VI              |          1 |          6 |       383 |                100 |       138 |                  0 |       348 |                 10 |      255 |      255 |      255 |      255 |      255 |      255 |      255 |      255 |      255 |       255 |       255 |       255 |       255 |
| 24375 | Sympathetic Burst of Ice VII             |          1 |          6 |       383 |                100 |       138 |                  0 |       348 |                 10 |      255 |      255 |      255 |      255 |      255 |      255 |      255 |      255 |      255 |       255 |       255 |       255 |       255 |
| 24376 | Sympathetic Burst of Ice VIII            |          1 |          6 |       383 |                100 |       138 |                  0 |       348 |                 10 |      255 |      255 |      255 |      255 |      255 |      255 |      255 |      255 |      255 |       255 |       255 |       255 |       255 |
| 24377 | Sympathetic Burst of Ice IX              |          1 |          6 |       383 |                100 |       138 |                  0 |       348 |                 10 |      255 |      255 |      255 |      255 |      255 |      255 |      255 |      255 |      255 |       255 |       255 |       255 |       255 |
| 24378 | Sympathetic Burst of Ice X               |          1 |          6 |       383 |                100 |       138 |                  0 |       348 |                 10 |      255 |      255 |      255 |      255 |      255 |      255 |      255 |      255 |      255 |       255 |       255 |       255 |       255 |
| 24379 | Sympathetic Strike of Poison VIII        |          1 |          6 |       383 |                100 |       138 |                  0 |       348 |                 10 |      255 |      255 |      255 |      255 |      255 |      255 |      255 |      255 |      255 |       255 |       255 |       255 |       255 |
| 24380 | Sympathetic Strike of Poison IX          |          1 |          6 |       383 |                100 |       138 |                  0 |       348 |                 10 |      255 |      255 |      255 |      255 |      255 |      255 |      255 |      255 |      255 |       255 |       255 |       255 |       255 |
| 24381 | Sympathetic Strike of Poison X           |          1 |          6 |       383 |                100 |       138 |                  0 |       348 |                 10 |      255 |      255 |      255 |      255 |      255 |      255 |      255 |      255 |      255 |       255 |       255 |       255 |       255 |
| 24382 | Sympathetic Strike of Venom I            |          1 |          6 |       383 |                100 |       138 |                  0 |       348 |                 10 |      255 |      255 |      255 |      255 |      255 |      255 |      255 |      255 |      255 |       255 |       255 |       255 |       255 |
| 24383 | Sympathetic Strike of Venom II           |          1 |          6 |       383 |                100 |       138 |                  0 |       348 |                 10 |      255 |      255 |      255 |      255 |      255 |      255 |      255 |      255 |      255 |       255 |       255 |       255 |       255 |
| 24384 | Sympathetic Strike of Venom III          |          1 |          6 |       383 |                100 |       138 |                  0 |       348 |                 10 |      255 |      255 |      255 |      255 |      255 |      255 |      255 |      255 |      255 |       255 |       255 |       255 |       255 |
| 24385 | Sympathetic Strike of Venom IV           |          1 |          6 |       383 |                100 |       138 |                  0 |       348 |                 10 |      255 |      255 |      255 |      255 |      255 |      255 |      255 |      255 |      255 |       255 |       255 |       255 |       255 |
| 24386 | Sympathetic Strike of Venom V            |          1 |          6 |       383 |                100 |       138 |                  0 |       348 |                 10 |      255 |      255 |      255 |      255 |      255 |      255 |      255 |      255 |      255 |       255 |       255 |       255 |       255 |
| 24387 | Sympathetic Strike of Venom VI           |          1 |          6 |       383 |                100 |       138 |                  0 |       348 |                 10 |      255 |      255 |      255 |      255 |      255 |      255 |      255 |      255 |      255 |       255 |       255 |       255 |       255 |
| 24388 | Sympathetic Strike of Venom VII          |          1 |          6 |       383 |                100 |       138 |                  0 |       348 |                 10 |      255 |      255 |      255 |      255 |      255 |      255 |      255 |      255 |      255 |       255 |       255 |       255 |       255 |
| 24389 | Sympathetic Strike of Venom VIII         |          1 |          6 |       383 |                100 |       138 |                  0 |       348 |                 10 |      255 |      255 |      255 |      255 |      255 |      255 |      255 |      255 |      255 |       255 |       255 |       255 |       255 |
| 24390 | Sympathetic Strike of Venom IX           |          1 |          6 |       383 |                100 |       138 |                  0 |       348 |                 10 |      255 |      255 |      255 |      255 |      255 |      255 |      255 |      255 |      255 |       255 |       255 |       255 |       255 |
| 24391 | Sympathetic Strike of Venom X            |          1 |          6 |       383 |                100 |       138 |                  0 |       348 |                 10 |      255 |      255 |      255 |      255 |      255 |      255 |      255 |      255 |      255 |       255 |       255 |       255 |       255 |
| 24392 | Sympathetic Strike of Sickness VIII      |          1 |          6 |       383 |                100 |       138 |                  0 |       348 |                 10 |      255 |      255 |      255 |      255 |      255 |      255 |      255 |      255 |      255 |       255 |       255 |       255 |       255 |
| 24393 | Sympathetic Strike of Sickness IX        |          1 |          6 |       383 |                100 |       138 |                  0 |       348 |                 10 |      255 |      255 |      255 |      255 |      255 |      255 |      255 |      255 |      255 |       255 |       255 |       255 |       255 |
| 24394 | Sympathetic Strike of Sickness X         |          1 |          6 |       383 |                100 |       138 |                  0 |       348 |                 10 |      255 |      255 |      255 |      255 |      255 |      255 |      255 |      255 |      255 |       255 |       255 |       255 |       255 |
| 24395 | Sympathetic Strike of Disease I          |          1 |          6 |       383 |                100 |       138 |                  0 |       348 |                 10 |      255 |      255 |      255 |      255 |      255 |      255 |      255 |      255 |      255 |       255 |       255 |       255 |       255 |
| 24396 | Sympathetic Strike of Disease II         |          1 |          6 |       383 |                100 |       138 |                  0 |       348 |                 10 |      255 |      255 |      255 |      255 |      255 |      255 |      255 |      255 |      255 |       255 |       255 |       255 |       255 |
| 24397 | Sympathetic Strike of Disease III        |          1 |          6 |       383 |                100 |       138 |                  0 |       348 |                 10 |      255 |      255 |      255 |      255 |      255 |      255 |      255 |      255 |      255 |       255 |       255 |       255 |       255 |
| 24398 | Sympathetic Strike of Disease IV         |          1 |          6 |       383 |                100 |       138 |                  0 |       348 |                 10 |      255 |      255 |      255 |      255 |      255 |      255 |      255 |      255 |      255 |       255 |       255 |       255 |       255 |
| 24399 | Sympathetic Strike of Disease V          |          1 |          6 |       383 |                100 |       138 |                  0 |       348 |                 10 |      255 |      255 |      255 |      255 |      255 |      255 |      255 |      255 |      255 |       255 |       255 |       255 |       255 |
| 24400 | Sympathetic Strike of Disease VI         |          1 |          6 |       383 |                100 |       138 |                  0 |       348 |                 10 |      255 |      255 |      255 |      255 |      255 |      255 |      255 |      255 |      255 |       255 |       255 |       255 |       255 |
| 24401 | Sympathetic Strike of Disease VII        |          1 |          6 |       383 |                100 |       138 |                  0 |       348 |                 10 |      255 |      255 |      255 |      255 |      255 |      255 |      255 |      255 |      255 |       255 |       255 |       255 |       255 |
| 24402 | Sympathetic Strike of Disease VIII       |          1 |          6 |       383 |                100 |       138 |                  0 |       348 |                 10 |      255 |      255 |      255 |      255 |      255 |      255 |      255 |      255 |      255 |       255 |       255 |       255 |       255 |
| 24403 | Sympathetic Strike of Disease IX         |          1 |          6 |       383 |                100 |       138 |                  0 |       348 |                 10 |      255 |      255 |      255 |      255 |      255 |      255 |      255 |      255 |      255 |       255 |       255 |       255 |       255 |
| 24404 | Sympathetic Strike of Disease X          |          1 |          6 |       383 |                100 |       138 |                  0 |       348 |                 10 |      255 |      255 |      255 |      255 |      255 |      255 |      255 |      255 |      255 |       255 |       255 |       255 |       255 |
| 24405 | Sympathetic Strike of Corruption VIII    |          1 |          6 |       383 |                100 |       138 |                  0 |       348 |                 10 |      255 |      255 |      255 |      255 |      255 |      255 |      255 |      255 |      255 |       255 |       255 |       255 |       255 |
| 24406 | Sympathetic Strike of Corruption IX      |          1 |          6 |       383 |                100 |       138 |                  0 |       348 |                 10 |      255 |      255 |      255 |      255 |      255 |      255 |      255 |      255 |      255 |       255 |       255 |       255 |       255 |
| 24407 | Sympathetic Strike of Corruption X       |          1 |          6 |       383 |                100 |       138 |                  0 |       348 |                 10 |      255 |      255 |      255 |      255 |      255 |      255 |      255 |      255 |      255 |       255 |       255 |       255 |       255 |
| 24408 | Sympathetic Force of Corruption I        |          1 |          6 |       383 |                100 |       138 |                  0 |       348 |                 10 |      255 |      255 |      255 |      255 |      255 |      255 |      255 |      255 |      255 |       255 |       255 |       255 |       255 |
| 24409 | Sympathetic Force of Corruption II       |          1 |          6 |       383 |                100 |       138 |                  0 |       348 |                 10 |      255 |      255 |      255 |      255 |      255 |      255 |      255 |      255 |      255 |       255 |       255 |       255 |       255 |
| 24410 | Sympathetic Force of Corruption III      |          1 |          6 |       383 |                100 |       138 |                  0 |       348 |                 10 |      255 |      255 |      255 |      255 |      255 |      255 |      255 |      255 |      255 |       255 |       255 |       255 |       255 |
| 24411 | Sympathetic Force of Corruption IV       |          1 |          6 |       383 |                100 |       138 |                  0 |       348 |                 10 |      255 |      255 |      255 |      255 |      255 |      255 |      255 |      255 |      255 |       255 |       255 |       255 |       255 |
| 24412 | Sympathetic Force of Corruption V        |          1 |          6 |       383 |                100 |       138 |                  0 |       348 |                 10 |      255 |      255 |      255 |      255 |      255 |      255 |      255 |      255 |      255 |       255 |       255 |       255 |       255 |
| 24413 | Sympathetic Force of Corruption VI       |          1 |          6 |       383 |                100 |       138 |                  0 |       348 |                 10 |      255 |      255 |      255 |      255 |      255 |      255 |      255 |      255 |      255 |       255 |       255 |       255 |       255 |
| 24414 | Sympathetic Force of Corruption VII      |          1 |          6 |       383 |                100 |       138 |                  0 |       348 |                 10 |      255 |      255 |      255 |      255 |      255 |      255 |      255 |      255 |      255 |       255 |       255 |       255 |       255 |
| 24415 | Sympathetic Force of Corruption VIII     |          1 |          6 |       383 |                100 |       138 |                  0 |       348 |                 10 |      255 |      255 |      255 |      255 |      255 |      255 |      255 |      255 |      255 |       255 |       255 |       255 |       255 |
| 24416 | Sympathetic Force of Corruption IX       |          1 |          6 |       383 |                100 |       138 |                  0 |       348 |                 10 |      255 |      255 |      255 |      255 |      255 |      255 |      255 |      255 |      255 |       255 |       255 |       255 |       255 |
| 24417 | Sympathetic Force of Corruption X        |          1 |          6 |       383 |                100 |       138 |                  0 |       348 |                 10 |      255 |      255 |      255 |      255 |      255 |      255 |      255 |      255 |      255 |       255 |       255 |       255 |       255 |
| 24418 | Sympathetic Vampiric Touch VIII          |          1 |          6 |       383 |                100 |       138 |                  0 |       348 |                 10 |      255 |      255 |      255 |      255 |      255 |      255 |      255 |      255 |      255 |       255 |       255 |       255 |       255 |
| 24419 | Sympathetic Vampiric Touch IX            |          1 |          6 |       383 |                100 |       138 |                  0 |       348 |                 10 |      255 |      255 |      255 |      255 |      255 |      255 |      255 |      255 |      255 |       255 |       255 |       255 |       255 |
| 24420 | Sympathetic Vampiric Touch X             |          1 |          6 |       383 |                100 |       138 |                  0 |       348 |                 10 |      255 |      255 |      255 |      255 |      255 |      255 |      255 |      255 |      255 |       255 |       255 |       255 |       255 |
| 24421 | Sympathetic Vampiric Strike I            |          1 |          6 |       383 |                100 |       138 |                  0 |       348 |                 10 |      255 |      255 |      255 |      255 |      255 |      255 |      255 |      255 |      255 |       255 |       255 |       255 |       255 |
| 24422 | Sympathetic Vampiric Strike II           |          1 |          6 |       383 |                100 |       138 |                  0 |       348 |                 10 |      255 |      255 |      255 |      255 |      255 |      255 |      255 |      255 |      255 |       255 |       255 |       255 |       255 |
| 24423 | Sympathetic Vampiric Strike III          |          1 |          6 |       383 |                100 |       138 |                  0 |       348 |                 10 |      255 |      255 |      255 |      255 |      255 |      255 |      255 |      255 |      255 |       255 |       255 |       255 |       255 |
| 24424 | Sympathetic Vampiric Strike IV           |          1 |          6 |       383 |                100 |       138 |                  0 |       348 |                 10 |      255 |      255 |      255 |      255 |      255 |      255 |      255 |      255 |      255 |       255 |       255 |       255 |       255 |
| 24425 | Sympathetic Vampiric Strike V            |          1 |          6 |       383 |                100 |       138 |                  0 |       348 |                 10 |      255 |      255 |      255 |      255 |      255 |      255 |      255 |      255 |      255 |       255 |       255 |       255 |       255 |
| 24426 | Sympathetic Vampiric Strike VI           |          1 |          6 |       383 |                100 |       138 |                  0 |       348 |                 10 |      255 |      255 |      255 |      255 |      255 |      255 |      255 |      255 |      255 |       255 |       255 |       255 |       255 |
| 24427 | Sympathetic Vampiric Strike VII          |          1 |          6 |       383 |                100 |       138 |                  0 |       348 |                 10 |      255 |      255 |      255 |      255 |      255 |      255 |      255 |      255 |      255 |       255 |       255 |       255 |       255 |
| 24428 | Sympathetic Vampiric Strike VIII         |          1 |          6 |       383 |                100 |       138 |                  0 |       348 |                 10 |      255 |      255 |      255 |      255 |      255 |      255 |      255 |      255 |      255 |       255 |       255 |       255 |       255 |
| 24429 | Sympathetic Vampiric Strike IX           |          1 |          6 |       383 |                100 |       138 |                  0 |       348 |                 10 |      255 |      255 |      255 |      255 |      255 |      255 |      255 |      255 |      255 |       255 |       255 |       255 |       255 |
| 24430 | Sympathetic Vampiric Strike X            |          1 |          6 |       383 |                100 |       138 |                  0 |       348 |                 10 |      255 |      255 |      255 |      255 |      255 |      255 |      255 |      255 |      255 |       255 |       255 |       255 |       255 |
| 24431 | Sympathetic Healing Light VIII           |          1 |          6 |       383 |                100 |       138 |                  0 |       348 |                 10 |      255 |      255 |      255 |      255 |      255 |      255 |      255 |      255 |      255 |       255 |       255 |       255 |       255 |
| 24432 | Sympathetic Healing Light IX             |          1 |          6 |       383 |                100 |       138 |                  0 |       348 |                 10 |      255 |      255 |      255 |      255 |      255 |      255 |      255 |      255 |      255 |       255 |       255 |       255 |       255 |
| 24433 | Sympathetic Healing Light X              |          1 |          6 |       383 |                100 |       138 |                  0 |       348 |                 10 |      255 |      255 |      255 |      255 |      255 |      255 |      255 |      255 |      255 |       255 |       255 |       255 |       255 |
| 24434 | Sympathetic Healing Burst I              |          1 |          6 |       383 |                100 |       138 |                  0 |       348 |                 10 |      255 |      255 |      255 |      255 |      255 |      255 |      255 |      255 |      255 |       255 |       255 |       255 |       255 |
| 24435 | Sympathetic Healing Burst II             |          1 |          6 |       383 |                100 |       138 |                  0 |       348 |                 10 |      255 |      255 |      255 |      255 |      255 |      255 |      255 |      255 |      255 |       255 |       255 |       255 |       255 |
| 24436 | Sympathetic Healing Burst III            |          1 |          6 |       383 |                100 |       138 |                  0 |       348 |                 10 |      255 |      255 |      255 |      255 |      255 |      255 |      255 |      255 |      255 |       255 |       255 |       255 |       255 |
| 24437 | Sympathetic Healing Burst IV             |          1 |          6 |       383 |                100 |       138 |                  0 |       348 |                 10 |      255 |      255 |      255 |      255 |      255 |      255 |      255 |      255 |      255 |       255 |       255 |       255 |       255 |
| 24438 | Sympathetic Healing Burst V              |          1 |          6 |       383 |                100 |       138 |                  0 |       348 |                 10 |      255 |      255 |      255 |      255 |      255 |      255 |      255 |      255 |      255 |       255 |       255 |       255 |       255 |
| 24439 | Sympathetic Healing Burst VI             |          1 |          6 |       383 |                100 |       138 |                  0 |       348 |                 10 |      255 |      255 |      255 |      255 |      255 |      255 |      255 |      255 |      255 |       255 |       255 |       255 |       255 |
| 24440 | Sympathetic Healing Burst VII            |          1 |          6 |       383 |                100 |       138 |                  0 |       348 |                 10 |      255 |      255 |      255 |      255 |      255 |      255 |      255 |      255 |      255 |       255 |       255 |       255 |       255 |
| 24441 | Sympathetic Healing Burst VIII           |          1 |          6 |       383 |                100 |       138 |                  0 |       348 |                 10 |      255 |      255 |      255 |      255 |      255 |      255 |      255 |      255 |      255 |       255 |       255 |       255 |       255 |
| 24442 | Sympathetic Healing Burst IX             |          1 |          6 |       383 |                100 |       138 |                  0 |       348 |                 10 |      255 |      255 |      255 |      255 |      255 |      255 |      255 |      255 |      255 |       255 |       255 |       255 |       255 |
| 24443 | Sympathetic Healing Burst X              |          1 |          6 |       383 |                100 |       138 |                  0 |       348 |                 10 |      255 |      255 |      255 |      255 |      255 |      255 |      255 |      255 |      255 |       255 |       255 |       255 |       255 |
| 24444 | Sympathetic Soothing Strike VIII         |          1 |          6 |       383 |                100 |       138 |                  0 |       348 |                 10 |      255 |      255 |      255 |      255 |      255 |      255 |      255 |      255 |      255 |       255 |       255 |       255 |       255 |
| 24445 | Sympathetic Soothing Strike IX           |          1 |          6 |       383 |                100 |       138 |                  0 |       348 |                 10 |      255 |      255 |      255 |      255 |      255 |      255 |      255 |      255 |      255 |       255 |       255 |       255 |       255 |
| 24446 | Sympathetic Soothing Strike X            |          1 |          6 |       383 |                100 |       138 |                  0 |       348 |                 10 |      255 |      255 |      255 |      255 |      255 |      255 |      255 |      255 |      255 |       255 |       255 |       255 |       255 |
| 24447 | Sympathetic Calming Strike I             |          1 |          6 |       383 |                100 |       138 |                  0 |       348 |                 10 |      255 |      255 |      255 |      255 |      255 |      255 |      255 |      255 |      255 |       255 |       255 |       255 |       255 |
| 24448 | Sympathetic Calming Strike II            |          1 |          6 |       383 |                100 |       138 |                  0 |       348 |                 10 |      255 |      255 |      255 |      255 |      255 |      255 |      255 |      255 |      255 |       255 |       255 |       255 |       255 |
| 24449 | Sympathetic Calming Strike III           |          1 |          6 |       383 |                100 |       138 |                  0 |       348 |                 10 |      255 |      255 |      255 |      255 |      255 |      255 |      255 |      255 |      255 |       255 |       255 |       255 |       255 |
| 24450 | Sympathetic Calming Strike IV            |          1 |          6 |       383 |                100 |       138 |                  0 |       348 |                 10 |      255 |      255 |      255 |      255 |      255 |      255 |      255 |      255 |      255 |       255 |       255 |       255 |       255 |
| 24451 | Sympathetic Calming Strike V             |          1 |          6 |       383 |                100 |       138 |                  0 |       348 |                 10 |      255 |      255 |      255 |      255 |      255 |      255 |      255 |      255 |      255 |       255 |       255 |       255 |       255 |
| 24452 | Sympathetic Calming Strike VI            |          1 |          6 |       383 |                100 |       138 |                  0 |       348 |                 10 |      255 |      255 |      255 |      255 |      255 |      255 |      255 |      255 |      255 |       255 |       255 |       255 |       255 |
| 24453 | Sympathetic Calming Strike VII           |          1 |          6 |       383 |                100 |       138 |                  0 |       348 |                 10 |      255 |      255 |      255 |      255 |      255 |      255 |      255 |      255 |      255 |       255 |       255 |       255 |       255 |
| 24454 | Sympathetic Calming Strike VIII          |          1 |          6 |       383 |                100 |       138 |                  0 |       348 |                 10 |      255 |      255 |      255 |      255 |      255 |      255 |      255 |      255 |      255 |       255 |       255 |       255 |       255 |
| 24455 | Sympathetic Calming Strike IX            |          1 |          6 |       383 |                100 |       138 |                  0 |       348 |                 10 |      255 |      255 |      255 |      255 |      255 |      255 |      255 |      255 |      255 |       255 |       255 |       255 |       255 |
| 24456 | Sympathetic Calming Strike X             |          1 |          6 |       383 |                100 |       138 |                  0 |       348 |                 10 |      255 |      255 |      255 |      255 |      255 |      255 |      255 |      255 |      255 |       255 |       255 |       255 |       255 |
| 24457 | Sympathetic Alleviating Light VIII       |          1 |          6 |       383 |                100 |       138 |                  0 |       348 |                 38 |      255 |      255 |      255 |      255 |      255 |      255 |      255 |      255 |      255 |       255 |       255 |       255 |       255 |
| 24458 | Sympathetic Alleviating Light IX         |          1 |          6 |       383 |                100 |       138 |                  0 |       348 |                 45 |      255 |      255 |      255 |      255 |      255 |      255 |      255 |      255 |      255 |       255 |       255 |       255 |       255 |
| 24459 | Sympathetic Alleviating Light X          |          1 |          6 |       383 |                100 |       138 |                  0 |       348 |                 53 |      255 |      255 |      255 |      255 |      255 |      255 |      255 |      255 |      255 |       255 |       255 |       255 |       255 |
| 24460 | Sympathetic Alleviating Burst I          |          1 |          6 |       383 |                100 |       138 |                  0 |       348 |                 60 |      255 |      255 |      255 |      255 |      255 |      255 |      255 |      255 |      255 |       255 |       255 |       255 |       255 |
| 24461 | Sympathetic Alleviating Burst II         |          1 |          6 |       383 |                100 |       138 |                  0 |       348 |                 70 |      255 |      255 |      255 |      255 |      255 |      255 |      255 |      255 |      255 |       255 |       255 |       255 |       255 |
| 24462 | Sympathetic Alleviating Burst III        |          1 |          6 |       383 |                100 |       138 |                  0 |       348 |                 80 |      255 |      255 |      255 |      255 |      255 |      255 |      255 |      255 |      255 |       255 |       255 |       255 |       255 |
| 24463 | Sympathetic Alleviating Burst IV         |          1 |          6 |       383 |                100 |       138 |                  0 |       348 |                105 |      255 |      255 |      255 |      255 |      255 |      255 |      255 |      255 |      255 |       255 |       255 |       255 |       255 |
| 24464 | Sympathetic Alleviating Burst V          |          1 |          6 |       383 |                100 |       138 |                  0 |       348 |                128 |      255 |      255 |      255 |      255 |      255 |      255 |      255 |      255 |      255 |       255 |       255 |       255 |       255 |
| 24465 | Sympathetic Alleviating Burst VI         |          1 |          6 |       383 |                100 |       138 |                  0 |       348 |                150 |      255 |      255 |      255 |      255 |      255 |      255 |      255 |      255 |      255 |       255 |       255 |       255 |       255 |
| 24466 | Sympathetic Alleviating Burst VII        |          1 |          6 |       383 |                100 |       138 |                  0 |       348 |                188 |      255 |      255 |      255 |      255 |      255 |      255 |      255 |      255 |      255 |       255 |       255 |       255 |       255 |
| 24467 | Sympathetic Alleviating Burst VIII       |          1 |          6 |       383 |                100 |       138 |                  0 |       348 |                200 |      255 |      255 |      255 |      255 |      255 |      255 |      255 |      255 |      255 |       255 |       255 |       255 |       255 |
| 24468 | Sympathetic Alleviating Burst IX         |          1 |          6 |       383 |                100 |       138 |                  0 |       348 |                225 |      255 |      255 |      255 |      255 |      255 |      255 |      255 |      255 |      255 |       255 |       255 |       255 |       255 |
| 24469 | Sympathetic Alleviating Burst X          |          1 |          6 |       383 |                100 |       138 |                  0 |       348 |                300 |      255 |      255 |      255 |      255 |      255 |      255 |      255 |      255 |      255 |       255 |       255 |       255 |       255 |
| 24470 | Sympathetic Pulse of Magic VIII          |          1 |          6 |       383 |                100 |       138 |                  0 |       348 |                 10 |      255 |      255 |      255 |      255 |      255 |      255 |      255 |      255 |      255 |       255 |       255 |       255 |       255 |
| 24471 | Sympathetic Pulse of Magic IX            |          1 |          6 |       383 |                100 |       138 |                  0 |       348 |                 10 |      255 |      255 |      255 |      255 |      255 |      255 |      255 |      255 |      255 |       255 |       255 |       255 |       255 |
| 24472 | Sympathetic Pulse of Magic X             |          1 |          6 |       383 |                100 |       138 |                  0 |       348 |                 10 |      255 |      255 |      255 |      255 |      255 |      255 |      255 |      255 |      255 |       255 |       255 |       255 |       255 |
| 24473 | Sympathetic Surge of Magic I             |          1 |          6 |       383 |                100 |       138 |                  0 |       348 |                 10 |      255 |      255 |      255 |      255 |      255 |      255 |      255 |      255 |      255 |       255 |       255 |       255 |       255 |
| 24474 | Sympathetic Surge of Magic II            |          1 |          6 |       383 |                100 |       138 |                  0 |       348 |                 10 |      255 |      255 |      255 |      255 |      255 |      255 |      255 |      255 |      255 |       255 |       255 |       255 |       255 |
| 24475 | Sympathetic Surge of Magic III           |          1 |          6 |       383 |                100 |       138 |                  0 |       348 |                 10 |      255 |      255 |      255 |      255 |      255 |      255 |      255 |      255 |      255 |       255 |       255 |       255 |       255 |
| 24476 | Sympathetic Surge of Magic IV            |          1 |          6 |       383 |                100 |       138 |                  0 |       348 |                 10 |      255 |      255 |      255 |      255 |      255 |      255 |      255 |      255 |      255 |       255 |       255 |       255 |       255 |
| 24477 | Sympathetic Surge of Magic V             |          1 |          6 |       383 |                100 |       138 |                  0 |       348 |                 10 |      255 |      255 |      255 |      255 |      255 |      255 |      255 |      255 |      255 |       255 |       255 |       255 |       255 |
| 24478 | Sympathetic Surge of Magic VI            |          1 |          6 |       383 |                100 |       138 |                  0 |       348 |                 10 |      255 |      255 |      255 |      255 |      255 |      255 |      255 |      255 |      255 |       255 |       255 |       255 |       255 |
| 24479 | Sympathetic Surge of Magic VII           |          1 |          6 |       383 |                100 |       138 |                  0 |       348 |                 10 |      255 |      255 |      255 |      255 |      255 |      255 |      255 |      255 |      255 |       255 |       255 |       255 |       255 |
| 24480 | Sympathetic Surge of Magic VIII          |          1 |          6 |       383 |                100 |       138 |                  0 |       348 |                 10 |      255 |      255 |      255 |      255 |      255 |      255 |      255 |      255 |      255 |       255 |       255 |       255 |       255 |
| 24481 | Sympathetic Surge of Magic IX            |          1 |          6 |       383 |                100 |       138 |                  0 |       348 |                 10 |      255 |      255 |      255 |      255 |      255 |      255 |      255 |      255 |      255 |       255 |       255 |       255 |       255 |
| 24482 | Sympathetic Surge of Magic X             |          1 |          6 |       383 |                100 |       138 |                  0 |       348 |                 10 |      255 |      255 |      255 |      255 |      255 |      255 |      255 |      255 |      255 |       255 |       255 |       255 |       255 |
| 24483 | Sympathetic Pulse of Fire VIII           |          1 |          6 |       383 |                100 |       138 |                  0 |       348 |                 10 |      255 |      255 |      255 |      255 |      255 |      255 |      255 |      255 |      255 |       255 |       255 |       255 |       255 |
| 24484 | Sympathetic Pulse of Fire IX             |          1 |          6 |       383 |                100 |       138 |                  0 |       348 |                 10 |      255 |      255 |      255 |      255 |      255 |      255 |      255 |      255 |      255 |       255 |       255 |       255 |       255 |
| 24485 | Sympathetic Pulse of Fire X              |          1 |          6 |       383 |                100 |       138 |                  0 |       348 |                 10 |      255 |      255 |      255 |      255 |      255 |      255 |      255 |      255 |      255 |       255 |       255 |       255 |       255 |
| 24486 | Sympathetic Pulse of Flames I            |          1 |          6 |       383 |                100 |       138 |                  0 |       348 |                 10 |      255 |      255 |      255 |      255 |      255 |      255 |      255 |      255 |      255 |       255 |       255 |       255 |       255 |
| 24487 | Sympathetic Pulse of Flames II           |          1 |          6 |       383 |                100 |       138 |                  0 |       348 |                 10 |      255 |      255 |      255 |      255 |      255 |      255 |      255 |      255 |      255 |       255 |       255 |       255 |       255 |
| 24488 | Sympathetic Pulse of Flames III          |          1 |          6 |       383 |                100 |       138 |                  0 |       348 |                 10 |      255 |      255 |      255 |      255 |      255 |      255 |      255 |      255 |      255 |       255 |       255 |       255 |       255 |
| 24489 | Sympathetic Pulse of Flames IV           |          1 |          6 |       383 |                100 |       138 |                  0 |       348 |                 10 |      255 |      255 |      255 |      255 |      255 |      255 |      255 |      255 |      255 |       255 |       255 |       255 |       255 |
| 24490 | Sympathetic Pulse of Flames V            |          1 |          6 |       383 |                100 |       138 |                  0 |       348 |                 10 |      255 |      255 |      255 |      255 |      255 |      255 |      255 |      255 |      255 |       255 |       255 |       255 |       255 |
| 24491 | Sympathetic Pulse of Flames VI           |          1 |          6 |       383 |                100 |       138 |                  0 |       348 |                 10 |      255 |      255 |      255 |      255 |      255 |      255 |      255 |      255 |      255 |       255 |       255 |       255 |       255 |
| 24492 | Sympathetic Pulse of Flames VII          |          1 |          6 |       383 |                100 |       138 |                  0 |       348 |                 10 |      255 |      255 |      255 |      255 |      255 |      255 |      255 |      255 |      255 |       255 |       255 |       255 |       255 |
| 24493 | Sympathetic Pulse of Flames VIII         |          1 |          6 |       383 |                100 |       138 |                  0 |       348 |                 10 |      255 |      255 |      255 |      255 |      255 |      255 |      255 |      255 |      255 |       255 |       255 |       255 |       255 |
| 24494 | Sympathetic Pulse of Flames IX           |          1 |          6 |       383 |                100 |       138 |                  0 |       348 |                 10 |      255 |      255 |      255 |      255 |      255 |      255 |      255 |      255 |      255 |       255 |       255 |       255 |       255 |
| 24495 | Sympathetic Pulse of Flames X            |          1 |          6 |       383 |                100 |       138 |                  0 |       348 |                 10 |      255 |      255 |      255 |      255 |      255 |      255 |      255 |      255 |      255 |       255 |       255 |       255 |       255 |
| 24496 | Sympathetic Surge of Cold VIII           |          1 |          6 |       383 |                100 |       138 |                  0 |       348 |                 10 |      255 |      255 |      255 |      255 |      255 |      255 |      255 |      255 |      255 |       255 |       255 |       255 |       255 |
| 24497 | Sympathetic Surge of Cold IX             |          1 |          6 |       383 |                100 |       138 |                  0 |       348 |                 10 |      255 |      255 |      255 |      255 |      255 |      255 |      255 |      255 |      255 |       255 |       255 |       255 |       255 |
| 24498 | Sympathetic Surge of Cold X              |          1 |          6 |       383 |                100 |       138 |                  0 |       348 |                 10 |      255 |      255 |      255 |      255 |      255 |      255 |      255 |      255 |      255 |       255 |       255 |       255 |       255 |
| 24499 | Sympathetic Surge of Ice I               |          1 |          6 |       383 |                100 |       138 |                  0 |       348 |                 10 |      255 |      255 |      255 |      255 |      255 |      255 |      255 |      255 |      255 |       255 |       255 |       255 |       255 |
| 24500 | Sympathetic Surge of Ice II              |          1 |          6 |       383 |                100 |       138 |                  0 |       348 |                 10 |      255 |      255 |      255 |      255 |      255 |      255 |      255 |      255 |      255 |       255 |       255 |       255 |       255 |
| 24501 | Sympathetic Surge of Ice III             |          1 |          6 |       383 |                100 |       138 |                  0 |       348 |                 10 |      255 |      255 |      255 |      255 |      255 |      255 |      255 |      255 |      255 |       255 |       255 |       255 |       255 |
| 24502 | Sympathetic Surge of Ice IV              |          1 |          6 |       383 |                100 |       138 |                  0 |       348 |                 10 |      255 |      255 |      255 |      255 |      255 |      255 |      255 |      255 |      255 |       255 |       255 |       255 |       255 |
| 24503 | Sympathetic Surge of Ice V               |          1 |          6 |       383 |                100 |       138 |                  0 |       348 |                 10 |      255 |      255 |      255 |      255 |      255 |      255 |      255 |      255 |      255 |       255 |       255 |       255 |       255 |
| 24504 | Sympathetic Surge of Ice VI              |          1 |          6 |       383 |                100 |       138 |                  0 |       348 |                 10 |      255 |      255 |      255 |      255 |      255 |      255 |      255 |      255 |      255 |       255 |       255 |       255 |       255 |
| 24505 | Sympathetic Surge of Ice VII             |          1 |          6 |       383 |                100 |       138 |                  0 |       348 |                 10 |      255 |      255 |      255 |      255 |      255 |      255 |      255 |      255 |      255 |       255 |       255 |       255 |       255 |
| 24506 | Sympathetic Surge of Ice VIII            |          1 |          6 |       383 |                100 |       138 |                  0 |       348 |                 10 |      255 |      255 |      255 |      255 |      255 |      255 |      255 |      255 |      255 |       255 |       255 |       255 |       255 |
| 24507 | Sympathetic Surge of Ice IX              |          1 |          6 |       383 |                100 |       138 |                  0 |       348 |                 10 |      255 |      255 |      255 |      255 |      255 |      255 |      255 |      255 |      255 |       255 |       255 |       255 |       255 |
| 24508 | Sympathetic Surge of Ice X               |          1 |          6 |       383 |                100 |       138 |                  0 |       348 |                 10 |      255 |      255 |      255 |      255 |      255 |      255 |      255 |      255 |      255 |       255 |       255 |       255 |       255 |
| 24509 | Sympathetic Pulse of Poison VIII         |          1 |          6 |       383 |                100 |       138 |                  0 |       348 |                 10 |      255 |      255 |      255 |      255 |      255 |      255 |      255 |      255 |      255 |       255 |       255 |       255 |       255 |
| 24510 | Sympathetic Pulse of Poison IX           |          1 |          6 |       383 |                100 |       138 |                  0 |       348 |                 10 |      255 |      255 |      255 |      255 |      255 |      255 |      255 |      255 |      255 |       255 |       255 |       255 |       255 |
| 24511 | Sympathetic Pulse of Poison X            |          1 |          6 |       383 |                100 |       138 |                  0 |       348 |                 10 |      255 |      255 |      255 |      255 |      255 |      255 |      255 |      255 |      255 |       255 |       255 |       255 |       255 |
| 24512 | Sympathetic Pulse of Venom I             |          1 |          6 |       383 |                100 |       138 |                  0 |       348 |                 10 |      255 |      255 |      255 |      255 |      255 |      255 |      255 |      255 |      255 |       255 |       255 |       255 |       255 |
| 24513 | Sympathetic Pulse of Venom II            |          1 |          6 |       383 |                100 |       138 |                  0 |       348 |                 10 |      255 |      255 |      255 |      255 |      255 |      255 |      255 |      255 |      255 |       255 |       255 |       255 |       255 |
| 24514 | Sympathetic Pulse of Venom III           |          1 |          6 |       383 |                100 |       138 |                  0 |       348 |                 10 |      255 |      255 |      255 |      255 |      255 |      255 |      255 |      255 |      255 |       255 |       255 |       255 |       255 |
| 24515 | Sympathetic Pulse of Venom IV            |          1 |          6 |       383 |                100 |       138 |                  0 |       348 |                 10 |      255 |      255 |      255 |      255 |      255 |      255 |      255 |      255 |      255 |       255 |       255 |       255 |       255 |
| 24516 | Sympathetic Pulse of Venom V             |          1 |          6 |       383 |                100 |       138 |                  0 |       348 |                 10 |      255 |      255 |      255 |      255 |      255 |      255 |      255 |      255 |      255 |       255 |       255 |       255 |       255 |
| 24517 | Sympathetic Pulse of Venom VI            |          1 |          6 |       383 |                100 |       138 |                  0 |       348 |                 10 |      255 |      255 |      255 |      255 |      255 |      255 |      255 |      255 |      255 |       255 |       255 |       255 |       255 |
| 24518 | Sympathetic Pulse of Venom VII           |          1 |          6 |       383 |                100 |       138 |                  0 |       348 |                 10 |      255 |      255 |      255 |      255 |      255 |      255 |      255 |      255 |      255 |       255 |       255 |       255 |       255 |
| 24519 | Sympathetic Pulse of Venom VIII          |          1 |          6 |       383 |                100 |       138 |                  0 |       348 |                 10 |      255 |      255 |      255 |      255 |      255 |      255 |      255 |      255 |      255 |       255 |       255 |       255 |       255 |
| 24520 | Sympathetic Pulse of Venom IX            |          1 |          6 |       383 |                100 |       138 |                  0 |       348 |                 10 |      255 |      255 |      255 |      255 |      255 |      255 |      255 |      255 |      255 |       255 |       255 |       255 |       255 |
| 24521 | Sympathetic Pulse of Venom X             |          1 |          6 |       383 |                100 |       138 |                  0 |       348 |                 10 |      255 |      255 |      255 |      255 |      255 |      255 |      255 |      255 |      255 |       255 |       255 |       255 |       255 |
| 24522 | Sympathetic Pulse of Sickness VIII       |          1 |          6 |       383 |                100 |       138 |                  0 |       348 |                 10 |      255 |      255 |      255 |      255 |      255 |      255 |      255 |      255 |      255 |       255 |       255 |       255 |       255 |
| 24523 | Sympathetic Pulse of Sickness IX         |          1 |          6 |       383 |                100 |       138 |                  0 |       348 |                 10 |      255 |      255 |      255 |      255 |      255 |      255 |      255 |      255 |      255 |       255 |       255 |       255 |       255 |
| 24524 | Sympathetic Pulse of Sickness X          |          1 |          6 |       383 |                100 |       138 |                  0 |       348 |                 10 |      255 |      255 |      255 |      255 |      255 |      255 |      255 |      255 |      255 |       255 |       255 |       255 |       255 |
| 24525 | Sympathetic Pulse of Disease I           |          1 |          6 |       383 |                100 |       138 |                  0 |       348 |                 10 |      255 |      255 |      255 |      255 |      255 |      255 |      255 |      255 |      255 |       255 |       255 |       255 |       255 |
| 24526 | Sympathetic Pulse of Disease II          |          1 |          6 |       383 |                100 |       138 |                  0 |       348 |                 10 |      255 |      255 |      255 |      255 |      255 |      255 |      255 |      255 |      255 |       255 |       255 |       255 |       255 |
| 24527 | Sympathetic Pulse of Disease III         |          1 |          6 |       383 |                100 |       138 |                  0 |       348 |                 10 |      255 |      255 |      255 |      255 |      255 |      255 |      255 |      255 |      255 |       255 |       255 |       255 |       255 |
| 24528 | Sympathetic Pulse of Disease IV          |          1 |          6 |       383 |                100 |       138 |                  0 |       348 |                 10 |      255 |      255 |      255 |      255 |      255 |      255 |      255 |      255 |      255 |       255 |       255 |       255 |       255 |
| 24529 | Sympathetic Pulse of Disease V           |          1 |          6 |       383 |                100 |       138 |                  0 |       348 |                 10 |      255 |      255 |      255 |      255 |      255 |      255 |      255 |      255 |      255 |       255 |       255 |       255 |       255 |
| 24530 | Sympathetic Pulse of Disease VI          |          1 |          6 |       383 |                100 |       138 |                  0 |       348 |                 10 |      255 |      255 |      255 |      255 |      255 |      255 |      255 |      255 |      255 |       255 |       255 |       255 |       255 |
| 24531 | Sympathetic Pulse of Disease VII         |          1 |          6 |       383 |                100 |       138 |                  0 |       348 |                 10 |      255 |      255 |      255 |      255 |      255 |      255 |      255 |      255 |      255 |       255 |       255 |       255 |       255 |
| 24532 | Sympathetic Pulse of Disease VIII        |          1 |          6 |       383 |                100 |       138 |                  0 |       348 |                 10 |      255 |      255 |      255 |      255 |      255 |      255 |      255 |      255 |      255 |       255 |       255 |       255 |       255 |
| 24533 | Sympathetic Pulse of Disease IX          |          1 |          6 |       383 |                100 |       138 |                  0 |       348 |                 10 |      255 |      255 |      255 |      255 |      255 |      255 |      255 |      255 |      255 |       255 |       255 |       255 |       255 |
| 24534 | Sympathetic Pulse of Disease X           |          1 |          6 |       383 |                100 |       138 |                  0 |       348 |                 10 |      255 |      255 |      255 |      255 |      255 |      255 |      255 |      255 |      255 |       255 |       255 |       255 |       255 |
| 24535 | Sympathetic Pulse of Corruption VIII     |          1 |          6 |       383 |                100 |       138 |                  0 |       348 |                 10 |      255 |      255 |      255 |      255 |      255 |      255 |      255 |      255 |      255 |       255 |       255 |       255 |       255 |
| 24536 | Sympathetic Pulse of Corruption IX       |          1 |          6 |       383 |                100 |       138 |                  0 |       348 |                 10 |      255 |      255 |      255 |      255 |      255 |      255 |      255 |      255 |      255 |       255 |       255 |       255 |       255 |
| 24537 | Sympathetic Pulse of Corruption X        |          1 |          6 |       383 |                100 |       138 |                  0 |       348 |                 10 |      255 |      255 |      255 |      255 |      255 |      255 |      255 |      255 |      255 |       255 |       255 |       255 |       255 |
| 24538 | Sympathetic Surge of Corruption I        |          1 |          6 |       383 |                100 |       138 |                  0 |       348 |                 10 |      255 |      255 |      255 |      255 |      255 |      255 |      255 |      255 |      255 |       255 |       255 |       255 |       255 |
| 24540 | Sympathetic Surge of Corruption II       |          1 |          6 |       383 |                100 |       138 |                  0 |       348 |                 10 |      255 |      255 |      255 |      255 |      255 |      255 |      255 |      255 |      255 |       255 |       255 |       255 |       255 |
| 24541 | Sympathetic Surge of Corruption III      |          1 |          6 |       383 |                100 |       138 |                  0 |       348 |                 10 |      255 |      255 |      255 |      255 |      255 |      255 |      255 |      255 |      255 |       255 |       255 |       255 |       255 |
| 24543 | Sympathetic Surge of Corruption IV       |          1 |          6 |       383 |                100 |       138 |                  0 |       348 |                 10 |      255 |      255 |      255 |      255 |      255 |      255 |      255 |      255 |      255 |       255 |       255 |       255 |       255 |
| 24544 | Sympathetic Surge of Corruption V        |          1 |          6 |       383 |                100 |       138 |                  0 |       348 |                 10 |      255 |      255 |      255 |      255 |      255 |      255 |      255 |      255 |      255 |       255 |       255 |       255 |       255 |
| 24545 | Sympathetic Surge of Corruption VI       |          1 |          6 |       383 |                100 |       138 |                  0 |       348 |                 10 |      255 |      255 |      255 |      255 |      255 |      255 |      255 |      255 |      255 |       255 |       255 |       255 |       255 |
| 24546 | Sympathetic Surge of Corruption VII      |          1 |          6 |       383 |                100 |       138 |                  0 |       348 |                 10 |      255 |      255 |      255 |      255 |      255 |      255 |      255 |      255 |      255 |       255 |       255 |       255 |       255 |
| 24547 | Sympathetic Surge of Corruption VIII     |          1 |          6 |       383 |                100 |       138 |                  0 |       348 |                 10 |      255 |      255 |      255 |      255 |      255 |      255 |      255 |      255 |      255 |       255 |       255 |       255 |       255 |
| 24548 | Sympathetic Surge of Corruption IX       |          1 |          6 |       383 |                100 |       138 |                  0 |       348 |                 10 |      255 |      255 |      255 |      255 |      255 |      255 |      255 |      255 |      255 |       255 |       255 |       255 |       255 |
| 24549 | Sympathetic Surge of Corruption X        |          1 |          6 |       383 |                100 |       138 |                  0 |       348 |                 10 |      255 |      255 |      255 |      255 |      255 |      255 |      255 |      255 |      255 |       255 |       255 |       255 |       255 |
| 25157 | Celestial Intervention Strike II         |          0 |         46 |         0 |              -4675 |         0 |              -1423 |         0 |               -712 |      255 |       88 |      255 |      255 |      255 |      255 |      255 |      255 |      255 |       255 |       255 |       255 |       255 |
| 25158 | Celestial Intervention Strike III        |          0 |         46 |         0 |              -5269 |         0 |              -1605 |         0 |               -802 |      255 |       88 |      255 |      255 |      255 |      255 |      255 |      255 |      255 |       255 |       255 |       255 |       255 |
| 25238 | Celestial Contravention Strike II        |          0 |          5 |         0 |              -7335 |         0 |              -2233 |         0 |              -1116 |      255 |       90 |      255 |      255 |      255 |      255 |      255 |      255 |      255 |       255 |       255 |       255 |       255 |
| 25239 | Celestial Contravention Strike III       |          0 |          5 |         0 |              -7922 |         0 |              -2413 |         0 |              -1206 |      255 |       90 |      255 |      255 |      255 |      255 |      255 |      255 |      255 |       255 |       255 |       255 |       255 |
| 25325 | Armor of Courage Strike II               |          0 |          5 |         0 |              -1136 |        21 |               1000 |       254 |                  0 |      255 |      255 |      255 |      255 |      255 |      255 |      255 |      255 |      255 |       255 |       255 |       255 |       255 |
| 25326 | Armor of Courage Strike III              |          0 |          5 |         0 |              -1293 |        21 |               1000 |       254 |                  0 |      255 |      255 |      255 |      255 |      255 |      255 |      255 |      255 |      255 |       255 |       255 |       255 |       255 |
| 25373 | Earnest Fury Strike II                   |          0 |          5 |         0 |               -526 |       254 |                  0 |       254 |                  0 |      255 |      255 |       90 |      255 |      255 |      255 |      255 |      255 |      255 |       255 |       255 |       255 |       255 |
| 25374 | Earnest Fury Strike III                  |          0 |          5 |         0 |               -568 |       254 |                  0 |       254 |                  0 |      255 |      255 |       90 |      255 |      255 |      255 |      255 |      255 |      255 |       255 |       255 |       255 |       255 |
| 25406 | Indignant Strike II                      |          0 |          5 |       193 |                428 |       254 |                  0 |       254 |                  0 |      255 |      255 |       88 |      255 |      255 |      255 |      255 |      255 |      255 |       255 |       255 |       255 |       255 |
| 25407 | Indignant Strike III                     |          0 |          5 |       193 |                518 |       254 |                  0 |       254 |                  0 |      255 |      255 |       88 |      255 |      255 |      255 |      255 |      255 |      255 |       255 |       255 |       255 |       255 |
| 25439 | Jolting Edges Strike II                  |          0 |          5 |        92 |              -2119 |       254 |                  0 |       254 |                  0 |      255 |      255 |      255 |      255 |      255 |      255 |      255 |      255 |      255 |       255 |       255 |       255 |       255 |
| 25440 | Jolting Edges Strike III                 |          0 |          5 |        92 |              -2259 |       254 |                  0 |       254 |                  0 |      255 |      255 |      255 |      255 |      255 |      255 |      255 |      255 |      255 |       255 |       255 |       255 |       255 |
| 25484 | Devastating Edges Strike II              |          0 |          5 |        10 |                  0 |         0 |               -927 |       254 |                  0 |      255 |      255 |      255 |      255 |      255 |      255 |      255 |      255 |      255 |       255 |       255 |       255 |       255 |
| 25485 | Devastating Edges Strike III             |          0 |          5 |        10 |                  0 |         0 |              -1002 |       254 |                  0 |      255 |      255 |      255 |      255 |      255 |      255 |      255 |      255 |      255 |       255 |       255 |       255 |       255 |
| 25517 | Crackling Edges Strike II                |          0 |          5 |        10 |                  0 |         0 |               -619 |       254 |                  0 |      255 |      255 |      255 |      255 |      255 |      255 |      255 |      255 |      255 |       255 |       255 |       255 |       255 |
| 25518 | Crackling Edges Strike III               |          0 |          5 |        10 |                  0 |         0 |               -668 |       254 |                  0 |      255 |      255 |      255 |      255 |      255 |      255 |      255 |      255 |      255 |       255 |       255 |       255 |       255 |
| 25560 | Amygdalan Horror Strike II               |          0 |          5 |         0 |               -243 |       254 |                  0 |       254 |                  0 |      255 |      255 |      255 |      255 |      255 |      255 |      255 |      255 |      255 |       255 |       255 |       255 |       255 |
| 25561 | Amygdalan Horror Strike III              |          0 |          5 |         0 |               -261 |       254 |                  0 |       254 |                  0 |      255 |      255 |      255 |      255 |      255 |      255 |      255 |      255 |      255 |       255 |       255 |       255 |       255 |
| 25602 | Shroud of the Plagueborne Strike II      |          0 |         13 |         0 |               -324 |       254 |                  0 |       254 |                  0 |      255 |      255 |      255 |      255 |      255 |      255 |      255 |      255 |      255 |       255 |       255 |       255 |       255 |
| 25603 | Shroud of the Plagueborne Strike III     |          0 |         13 |         0 |               -349 |       254 |                  0 |       254 |                  0 |      255 |      255 |      255 |      255 |      255 |      255 |      255 |      255 |      255 |       255 |       255 |       255 |       255 |
| 25778 | Wildfire Aura Strike II                  |          0 |          5 |         0 |              -1676 |       254 |                  0 |       254 |                  0 |      255 |      255 |      255 |      255 |      255 |      255 |      255 |      255 |      255 |       255 |       255 |       255 |       255 |
| 25779 | Wildfire Aura Strike III                 |          0 |          5 |         0 |              -1809 |       254 |                  0 |       254 |                  0 |      255 |      255 |      255 |      255 |      255 |      255 |      255 |      255 |      255 |       255 |       255 |       255 |       255 |
| 25799 | Frostfell Strike II                      |          0 |          5 |         0 |              -1678 |       254 |                  0 |       254 |                  0 |      255 |      255 |      255 |      255 |      255 |      255 |      255 |      255 |      255 |       255 |       255 |       255 |       255 |
| 25800 | Frostfell Strike III                     |          0 |          5 |         0 |              -1812 |       254 |                  0 |       254 |                  0 |      255 |      255 |      255 |      255 |      255 |      255 |      255 |      255 |      255 |       255 |       255 |       255 |       255 |
| 25835 | Polypore Strike II                       |          0 |          5 |         0 |              -5290 |       254 |                  0 |       254 |                  0 |      255 |      255 |      255 |      255 |      255 |      255 |      255 |      255 |      255 |       255 |       255 |       255 |       255 |
| 25836 | Polypore Strike III                      |          0 |          5 |         0 |              -5714 |       254 |                  0 |       254 |                  0 |      255 |      255 |      255 |      255 |      255 |      255 |      255 |      255 |      255 |       255 |       255 |       255 |       255 |
| 26004 | Sionachie's Sympathetic Psalm            |          1 |          3 |       383 |                 60 |       138 |                  0 |       348 |                 10 |      255 |      255 |      255 |      255 |      255 |      255 |      255 |       87 |      255 |       255 |       255 |       255 |       255 |
| 26005 | Sionachie's Sympathetic Psalm Rk. II     |          1 |          3 |       383 |                 65 |       138 |                  0 |       348 |                 10 |      255 |      255 |      255 |      255 |      255 |      255 |      255 |       87 |      255 |       255 |       255 |       255 |       255 |
| 26006 | Sionachie's Sympathetic Psalm Rk. III    |          1 |          3 |       383 |                 72 |       138 |                  0 |       348 |                 10 |      255 |      255 |      255 |      255 |      255 |      255 |      255 |       87 |      255 |       255 |       255 |       255 |       255 |
| 26007 | Sympathetic Mana                         |          1 |          6 |        15 |                 76 |       254 |                  0 |       254 |                  0 |      255 |      255 |      255 |      255 |      255 |      255 |      255 |      255 |      255 |       255 |       255 |       255 |       255 |
| 26008 | Sympathetic Mana II                      |          1 |          6 |        15 |                 82 |       254 |                  0 |       254 |                  0 |      255 |      255 |      255 |      255 |      255 |      255 |      255 |      255 |      255 |       255 |       255 |       255 |       255 |
| 26009 | Sympathetic Mana III                     |          1 |          6 |        15 |                 91 |       254 |                  0 |       254 |                  0 |      255 |      255 |      255 |      255 |      255 |      255 |      255 |      255 |      255 |       255 |       255 |       255 |       255 |
| 26023 | Noira's Strike II                        |          0 |          5 |         0 |              -4342 |       254 |                  0 |       254 |                  0 |      255 |      255 |      255 |      255 |      255 |      255 |      255 |      255 |      255 |       255 |       255 |       255 |       255 |
| 26024 | Noira's Strike III                       |          0 |          5 |         0 |              -4834 |       254 |                  0 |       254 |                  0 |      255 |      255 |      255 |      255 |      255 |      255 |      255 |      255 |      255 |       255 |       255 |       255 |       255 |
| 26050 | Arcane Choral Strike II                  |          0 |          5 |         0 |               -294 |       254 |                  0 |       254 |                  0 |      255 |      255 |      255 |      255 |      255 |      255 |      255 |      254 |      255 |       255 |       255 |       255 |       255 |
| 26051 | Arcane Choral Strike III                 |          0 |          5 |         0 |               -323 |       254 |                  0 |       254 |                  0 |      255 |      255 |      255 |      255 |      255 |      255 |      255 |      254 |      255 |       255 |       255 |       255 |       255 |
| 26400 | Bestow Unlife Strike II                  |          0 |         13 |         0 |              -1480 |       254 |                  0 |       254 |                  0 |      255 |      255 |      255 |      255 |      255 |      255 |      255 |      255 |      255 |       255 |       255 |       255 |       255 |
| 26401 | Bestow Unlife Strike III                 |          0 |         13 |         0 |              -1599 |       254 |                  0 |       254 |                  0 |      255 |      255 |      255 |      255 |      255 |      255 |      255 |      255 |      255 |       255 |       255 |       255 |       255 |
| 26556 | N/A Brainfreeze Strike II                |          0 |          5 |         0 |              -2757 |       254 |                  0 |       254 |                  0 |      255 |      255 |      255 |      255 |      255 |      255 |      255 |      255 |      255 |       255 |       255 |       255 |       255 |
| 26557 | N/A Brainfreeze Strike III               |          0 |          5 |         0 |              -2977 |       254 |                  0 |       254 |                  0 |      255 |      255 |      255 |      255 |      255 |      255 |      255 |      255 |      255 |       255 |       255 |       255 |       255 |
| 26971 | Mana Reiteration Strike II               |          0 |          5 |         0 |              -2133 |       340 |                 10 |       254 |                  0 |      255 |      255 |      255 |      255 |      255 |      255 |      255 |      255 |      255 |       255 |       255 |       255 |       255 |
| 26972 | Mana Reiteration Strike III              |          0 |          5 |         0 |              -2303 |       340 |                 10 |       254 |                  0 |      255 |      255 |      255 |      255 |      255 |      255 |      255 |      255 |      255 |       255 |       255 |       255 |       255 |
| 27019 | Manastorm Strike II                      |          0 |          5 |         0 |              -1203 |       254 |                  0 |       254 |                  0 |      255 |      255 |      255 |      255 |      255 |      255 |      255 |      255 |      255 |       255 |       255 |       255 |       255 |
| 27020 | Manastorm Strike III                     |          0 |          5 |         0 |              -1299 |       254 |                  0 |       254 |                  0 |      255 |      255 |      255 |      255 |      255 |      255 |      255 |      255 |      255 |       255 |       255 |       255 |       255 |
| 27060 | Polyspectral Rune Strike II              |          0 |          4 |        21 |               6000 |       254 |                  0 |       254 |                  0 |      255 |      255 |      255 |      255 |      255 |      255 |      255 |      255 |      255 |       255 |       255 |       255 |       255 |
| 27061 | Polyspectral Rune Strike III             |          0 |          4 |        21 |               6000 |       254 |                  0 |       254 |                  0 |      255 |      255 |      255 |      255 |      255 |      255 |      255 |      255 |      255 |       255 |       255 |       255 |       255 |
| 27187 | Spirit of Kron Strike II                 |          0 |          5 |         0 |               -659 |        92 |                -50 |        21 |               1500 |      255 |      255 |      255 |      255 |      255 |      255 |      255 |      255 |      255 |       255 |       255 |       255 |       255 |
| 27188 | Spirit of Kron Strike III                |          0 |          5 |         0 |               -774 |        92 |                -50 |        21 |               1500 |      255 |      255 |      255 |      255 |      255 |      255 |      255 |      255 |      255 |       255 |       255 |       255 |       255 |
| 27199 | Deadlock Jaws Strike II                  |          0 |          5 |         0 |               -696 |        11 |                 30 |        35 |                 24 |      255 |      255 |      255 |      255 |      255 |      255 |      255 |      255 |      255 |       255 |       255 |       255 |       255 |
| 27200 | Deadlock Jaws Strike III                 |          0 |          5 |         0 |               -751 |        11 |                 30 |        35 |                 24 |      255 |      255 |      255 |      255 |      255 |      255 |      255 |      255 |      255 |       255 |       255 |       255 |       255 |
| 27211 | Kron's Poison Strike II                  |          0 |          5 |         0 |              -3509 |       254 |                  0 |       254 |                  0 |      255 |      255 |      255 |      255 |      255 |      255 |      255 |      255 |      255 |       255 |       255 |       255 |       255 |
| 27212 | Kron's Poison Strike III                 |          0 |          5 |         0 |              -3791 |       254 |                  0 |       254 |                  0 |      255 |      255 |      255 |      255 |      255 |      255 |      255 |      255 |      255 |       255 |       255 |       255 |       255 |
| 27214 | Kron's Disease Strike II                 |          0 |          5 |         0 |              -3704 |       254 |                  0 |       254 |                  0 |      255 |      255 |      255 |      255 |      255 |      255 |      255 |      255 |      255 |       255 |       255 |       255 |       255 |
| 27215 | Kron's Disease Strike III                |          0 |          5 |         0 |              -4002 |       254 |                  0 |       254 |                  0 |      255 |      255 |      255 |      255 |      255 |      255 |      255 |      255 |      255 |       255 |       255 |       255 |       255 |
| 27217 | Kron's Ice Strike II                     |          0 |          5 |         0 |              -3393 |       254 |                  0 |       254 |                  0 |      255 |      255 |      255 |      255 |      255 |      255 |      255 |      255 |      255 |       255 |       255 |       255 |       255 |
| 27218 | Kron's Ice Strike III                    |          0 |          5 |         0 |              -3665 |       254 |                  0 |       254 |                  0 |      255 |      255 |      255 |      255 |      255 |      255 |      255 |      255 |      255 |       255 |       255 |       255 |       255 |
| 27315 | Fighting Frenzy Strike II                |          0 |          5 |         0 |              -1264 |       254 |                  0 |       254 |                  0 |      255 |      255 |      255 |      255 |      255 |      255 |      255 |      255 |      255 |       255 |       255 |       255 |       255 |
| 27316 | Fighting Frenzy Strike III               |          0 |          5 |         0 |              -1480 |       254 |                  0 |       254 |                  0 |      255 |      255 |      255 |      255 |      255 |      255 |      255 |      255 |      255 |       255 |       255 |       255 |       255 |
| 28049 | Barbed Tongue Strike II                  |          0 |          5 |         0 |              -2505 |       254 |                  0 |       254 |                  0 |      255 |      255 |      255 |      255 |      255 |      255 |      255 |      255 |      255 |       255 |       255 |       255 |       255 |
| 28050 | Barbed Tongue Strike III                 |          0 |          5 |         0 |              -2630 |       254 |                  0 |       254 |                  0 |      255 |      255 |      255 |      255 |      255 |      255 |      255 |      255 |      255 |       255 |       255 |       255 |       255 |
| 28183 | Elysian Intervention Strike II           |          0 |         46 |         0 |              -6639 |         0 |              -1992 |         0 |               -996 |      255 |       93 |      255 |      255 |      255 |      255 |      255 |      255 |      255 |       255 |       255 |       255 |       255 |
| 28184 | Elysian Intervention Strike III          |          0 |         46 |         0 |              -6971 |         0 |              -2091 |         0 |              -1046 |      255 |       93 |      255 |      255 |      255 |      255 |      255 |      255 |      255 |       255 |       255 |       255 |       255 |
| 28285 | Elysian Contravention Strike II          |          0 |          5 |         0 |              -8817 |         0 |              -2645 |         0 |              -1323 |      255 |       95 |      255 |      255 |      255 |      255 |      255 |      255 |      255 |       255 |       255 |       255 |       255 |
| 28286 | Elysian Contravention Strike III         |          0 |          5 |         0 |              -9258 |         0 |              -2777 |         0 |              -1389 |      255 |       95 |      255 |      255 |      255 |      255 |      255 |      255 |      255 |       255 |       255 |       255 |       255 |
| 28378 | Armor of Zeal Strike II                  |          0 |          5 |         0 |              -1493 |        21 |               1000 |       254 |                  0 |      255 |      255 |      255 |      255 |      255 |      255 |      255 |      255 |      255 |       255 |       255 |       255 |       255 |
| 28379 | Armor of Zeal Strike III                 |          0 |          5 |         0 |              -1568 |        21 |               1000 |       254 |                  0 |      255 |      255 |      255 |      255 |      255 |      255 |      255 |      255 |      255 |       255 |       255 |       255 |       255 |
| 28405 | Vexed Strike II                          |          0 |          5 |       193 |                571 |       254 |                  0 |       254 |                  0 |      255 |      255 |       93 |      255 |      255 |      255 |      255 |      255 |      255 |       255 |       255 |       255 |       255 |
| 28406 | Vexed Strike III                         |          0 |          5 |       193 |                600 |       254 |                  0 |       254 |                  0 |      255 |      255 |       93 |      255 |      255 |      255 |      255 |      255 |      255 |       255 |       255 |       255 |       255 |
| 28444 | Zealous Fury Strike II                   |          0 |          5 |         0 |               -656 |       254 |                  0 |       254 |                  0 |      255 |      255 |       95 |      255 |      255 |      255 |      255 |      255 |      255 |       255 |       255 |       255 |       255 |
| 28445 | Zealous Fury Strike III                  |          0 |          5 |         0 |               -689 |       254 |                  0 |       254 |                  0 |      255 |      255 |       95 |      255 |      255 |      255 |      255 |      255 |      255 |       255 |       255 |       255 |       255 |
| 28516 | Jolting Impact Strike II                 |          0 |          5 |        92 |              -2609 |       254 |                  0 |       254 |                  0 |      255 |      255 |      255 |      255 |      255 |      255 |      255 |      255 |      255 |       255 |       255 |       255 |       255 |
| 28517 | Jolting Impact Strike III                |          0 |          5 |        92 |              -2739 |       254 |                  0 |       254 |                  0 |      255 |      255 |      255 |      255 |      255 |      255 |      255 |      255 |      255 |       255 |       255 |       255 |       255 |
| 28561 | Devastating Slashes Strike II            |          0 |          5 |        10 |                  0 |         0 |              -1210 |       254 |                  0 |      255 |      255 |      255 |      255 |      255 |      255 |      255 |      255 |      255 |       255 |       255 |       255 |       255 |
| 28562 | Devastating Slashes Strike III           |          0 |          5 |        10 |                  0 |         0 |              -1271 |       254 |                  0 |      255 |      255 |      255 |      255 |      255 |      255 |      255 |      255 |      255 |       255 |       255 |       255 |       255 |
| 28597 | Deafening Edges Strike II                |          0 |          5 |        10 |                  0 |         0 |               -772 |       254 |                  0 |      255 |      255 |      255 |      255 |      255 |      255 |      255 |      255 |      255 |       255 |       255 |       255 |       255 |
| 28598 | Deafening Edges Strike III               |          0 |          5 |        10 |                  0 |         0 |               -811 |       254 |                  0 |      255 |      255 |      255 |      255 |      255 |      255 |      255 |      255 |      255 |       255 |       255 |       255 |       255 |
| 28637 | Sholothian Horror Strike II              |          0 |          5 |         0 |               -301 |       254 |                  0 |       254 |                  0 |      255 |      255 |      255 |      255 |      255 |      255 |      255 |      255 |      255 |       255 |       255 |       255 |       255 |
| 28638 | Sholothian Horror Strike III             |          0 |          5 |         0 |               -316 |       254 |                  0 |       254 |                  0 |      255 |      255 |      255 |      255 |      255 |      255 |      255 |      255 |      255 |       255 |       255 |       255 |       255 |
| 28685 | Shroud of the Shadeborne Strike II       |          0 |         13 |         0 |               -403 |       254 |                  0 |       254 |                  0 |      255 |      255 |      255 |      255 |      255 |      255 |      255 |      255 |      255 |       255 |       255 |       255 |       255 |
| 28686 | Shroud of the Shadeborne Strike III      |          0 |         13 |         0 |               -423 |       254 |                  0 |       254 |                  0 |      255 |      255 |      255 |      255 |      255 |      255 |      255 |      255 |      255 |       255 |       255 |       255 |       255 |
| 28877 | Wildblaze Aura Strike II                 |          0 |          5 |         0 |              -2280 |       254 |                  0 |       254 |                  0 |      255 |      255 |      255 |      255 |      255 |      255 |      255 |      255 |      255 |       255 |       255 |       255 |       255 |
| 28878 | Wildblaze Aura Strike III                |          0 |          5 |         0 |              -2394 |       254 |                  0 |       254 |                  0 |      255 |      255 |      255 |      255 |      255 |      255 |      255 |      255 |      255 |       255 |       255 |       255 |       255 |
| 28895 | Frostcloak Strike II                     |          0 |          5 |         0 |              -2283 |       254 |                  0 |       254 |                  0 |      255 |      255 |      255 |      255 |      255 |      255 |      255 |      255 |      255 |       255 |       255 |       255 |       255 |
| 28896 | Frostcloak Strike III                    |          0 |          5 |         0 |              -2397 |       254 |                  0 |       254 |                  0 |      255 |      255 |      255 |      255 |      255 |      255 |      255 |      255 |      255 |       255 |       255 |       255 |       255 |
| 28931 | Myconid Strike II                        |          0 |          5 |         0 |              -8100 |       254 |                  0 |       254 |                  0 |      255 |      255 |      255 |      255 |      255 |      255 |      255 |      255 |      255 |       255 |       255 |       255 |       255 |
| 28932 | Myconid Strike III                       |          0 |          5 |         0 |              -8505 |       254 |                  0 |       254 |                  0 |      255 |      255 |      255 |      255 |      255 |      255 |      255 |      255 |      255 |       255 |       255 |       255 |       255 |
| 29016 | Tiger's Strike II                        |          0 |          5 |       193 |                359 |       254 |                  0 |       254 |                  0 |      255 |      255 |      255 |      255 |      255 |      255 |      255 |      255 |      255 |       255 |       255 |       255 |       255 |
| 29017 | Tiger's Strike III                       |          0 |          5 |       193 |                377 |       254 |                  0 |       254 |                  0 |      255 |      255 |      255 |      255 |      255 |      255 |      255 |      255 |      255 |       255 |       255 |       255 |       255 |
| 29118 | Hykast's Strike II                       |          0 |          5 |         0 |              -5583 |       254 |                  0 |       254 |                  0 |      255 |      255 |      255 |      255 |      255 |      255 |      255 |      255 |      255 |       255 |       255 |       255 |       255 |
| 29119 | Hykast's Strike III                      |          0 |          5 |         0 |              -5862 |       254 |                  0 |       254 |                  0 |      255 |      255 |      255 |      255 |      255 |      255 |      255 |      255 |      255 |       255 |       255 |       255 |       255 |
| 29151 | Arcane Address Strike II                 |          0 |          5 |         0 |               -373 |       254 |                  0 |       254 |                  0 |      255 |      255 |      255 |      255 |      255 |      255 |      255 |      254 |      255 |       255 |       255 |       255 |       255 |
| 29152 | Arcane Address Strike III                |          0 |          5 |         0 |               -392 |       254 |                  0 |       254 |                  0 |      255 |      255 |      255 |      255 |      255 |      255 |      255 |      254 |      255 |       255 |       255 |       255 |       255 |
| 29223 | Toxic Blade Strike II                    |          0 |          5 |         0 |              -2552 |       254 |                  0 |       254 |                  0 |      255 |      255 |      255 |      255 |      255 |      255 |      255 |      255 |      255 |       255 |       255 |       255 |       255 |
| 29224 | Toxic Blade Strike III                   |          0 |          5 |         0 |              -2680 |       254 |                  0 |       254 |                  0 |      255 |      255 |      255 |      255 |      255 |      255 |      255 |      255 |      255 |       255 |       255 |       255 |       255 |
| 29518 | Bestowed Decay Strike II                 |          0 |         13 |         0 |              -1864 |       254 |                  0 |       254 |                  0 |      255 |      255 |      255 |      255 |      255 |      255 |      255 |      255 |      255 |       255 |       255 |       255 |       255 |
| 29519 | Bestowed Decay Strike III                |          0 |         13 |         0 |              -1957 |       254 |                  0 |       254 |                  0 |      255 |      255 |      255 |      255 |      255 |      255 |      255 |      255 |      255 |       255 |       255 |       255 |       255 |
| 29947 | Iceflame Strike II                       |          0 |          5 |         0 |               -600 |       254 |                  0 |       254 |                  0 |      255 |      255 |      255 |      255 |      255 |      255 |      255 |      255 |      255 |       255 |       255 |       255 |       255 |
| 29948 | Iceflame Strike III                      |          0 |          5 |         0 |               -630 |       254 |                  0 |       254 |                  0 |      255 |      255 |      255 |      255 |      255 |      255 |      255 |      255 |      255 |       255 |       255 |       255 |       255 |
| 30009 | Servant Strike II                        |          0 |          5 |         0 |              -4460 |       254 |                  0 |       254 |                  0 |      255 |      255 |      255 |      255 |      255 |      255 |      255 |      255 |      255 |       255 |       255 |       255 |       255 |
| 30010 | Servant Strike III                       |          0 |          5 |         0 |              -4683 |       254 |                  0 |       254 |                  0 |      255 |      255 |      255 |      255 |      255 |      255 |      255 |      255 |      255 |       255 |       255 |       255 |       255 |
| 30012 | Minion Strike II                         |          0 |          5 |         0 |              -4842 |       254 |                  0 |       254 |                  0 |      255 |      255 |      255 |      255 |      255 |      255 |      255 |      255 |      255 |       255 |       255 |       255 |       255 |
| 30013 | Minion Strike III                        |          0 |          5 |         0 |              -5084 |       254 |                  0 |       254 |                  0 |      255 |      255 |      255 |      255 |      255 |      255 |      255 |      255 |      255 |       255 |       255 |       255 |       255 |
| 30108 | Mana Repercussion Strike II              |          0 |          5 |         0 |              -2744 |       340 |                 10 |       254 |                  0 |      255 |      255 |      255 |      255 |      255 |      255 |      255 |      255 |      255 |       255 |       255 |       255 |       255 |
| 30109 | Mana Repercussion Strike III             |          0 |          5 |         0 |              -2881 |       340 |                 10 |       254 |                  0 |      255 |      255 |      255 |      255 |      255 |      255 |      255 |      255 |      255 |       255 |       255 |       255 |       255 |
| 30200 | Polyarcanic Rune Strike II               |          0 |          4 |        21 |               6000 |       254 |                  0 |       254 |                  0 |      255 |      255 |      255 |      255 |      255 |      255 |      255 |      255 |      255 |       255 |       255 |       255 |       255 |
| 30201 | Polyarcanic Rune Strike III              |          0 |          4 |        21 |               6000 |       254 |                  0 |       254 |                  0 |      255 |      255 |      255 |      255 |      255 |      255 |      255 |      255 |      255 |       255 |       255 |       255 |       255 |
| 30342 | Spirit of Bale Strike II                 |          0 |          5 |         0 |               -894 |        92 |                -50 |        21 |               1500 |      255 |      255 |      255 |      255 |      255 |      255 |      255 |      255 |      255 |       255 |       255 |       255 |       255 |
| 30343 | Spirit of Bale Strike III                |          0 |          5 |         0 |               -939 |        92 |                -50 |        21 |               1500 |      255 |      255 |      255 |      255 |      255 |      255 |      255 |      255 |      255 |       255 |       255 |       255 |       255 |
| 30360 | Bale's Poison Strike II                  |          0 |          5 |         0 |              -4379 |       254 |                  0 |       254 |                  0 |      255 |      255 |      255 |      255 |      255 |      255 |      255 |      255 |      255 |       255 |       255 |       255 |       255 |
| 30361 | Bale's Poison Strike III                 |          0 |          5 |         0 |              -4598 |       254 |                  0 |       254 |                  0 |      255 |      255 |      255 |      255 |      255 |      255 |      255 |      255 |      255 |       255 |       255 |       255 |       255 |
| 30363 | Bale's Disease Strike II                 |          0 |          5 |         0 |              -4622 |       254 |                  0 |       254 |                  0 |      255 |      255 |      255 |      255 |      255 |      255 |      255 |      255 |      255 |       255 |       255 |       255 |       255 |
| 30364 | Bale's Disease Strike III                |          0 |          5 |         0 |              -4853 |       254 |                  0 |       254 |                  0 |      255 |      255 |      255 |      255 |      255 |      255 |      255 |      255 |      255 |       255 |       255 |       255 |       255 |
| 30366 | Bale's Ice Strike II                     |          0 |          5 |         0 |              -4234 |       254 |                  0 |       254 |                  0 |      255 |      255 |      255 |      255 |      255 |      255 |      255 |      255 |      255 |       255 |       255 |       255 |       255 |
| 30367 | Bale's Ice Strike III                    |          0 |          5 |         0 |              -4446 |       254 |                  0 |       254 |                  0 |      255 |      255 |      255 |      255 |      255 |      255 |      255 |      255 |      255 |       255 |       255 |       255 |       255 |
| 30473 | Steel Frenzy Strike II                   |          0 |          5 |         0 |              -1709 |       254 |                  0 |       254 |                  0 |      255 |      255 |      255 |      255 |      255 |      255 |      255 |      255 |      255 |       255 |       255 |       255 |       255 |
| 30474 | Steel Frenzy Strike III                  |          0 |          5 |         0 |              -1794 |       254 |                  0 |       254 |                  0 |      255 |      255 |      255 |      255 |      255 |      255 |      255 |      255 |      255 |       255 |       255 |       255 |       255 |
| 30908 | Spider's Bite Poison Strike IX           |          0 |          5 |         0 |                 -1 |       254 |                  0 |       254 |                  0 |      255 |      255 |      255 |      255 |      255 |      255 |      255 |      255 |      255 |       255 |       255 |       255 |       255 |
| 30909 | Spider's Bite Poison Strike IX           |          0 |          5 |         0 |                 -1 |       254 |                  0 |       254 |                  0 |      255 |      255 |      255 |      255 |      255 |      255 |      255 |      255 |      255 |       255 |       255 |       255 |       255 |
| 30911 | Scorpion's Agony Poison Strike IX        |          0 |          5 |         0 |                 -1 |        92 |                  1 |       254 |                  0 |      255 |      255 |      255 |      255 |      255 |      255 |      255 |      255 |      255 |       255 |       255 |       255 |       255 |
| 30912 | Scorpion's Agony Poison Strike IX        |          0 |          5 |         0 |                 -1 |        92 |                  1 |       254 |                  0 |      255 |      255 |      255 |      255 |      255 |      255 |      255 |      255 |      255 |       255 |       255 |       255 |       255 |
| 30914 | Bite of the Shissar Poison Strike IX     |          0 |          5 |         0 |                 -1 |        92 |                 -1 |       254 |                  0 |      255 |      255 |      255 |      255 |      255 |      255 |      255 |      255 |      255 |       255 |       255 |       255 |       255 |
| 30916 | Strike of the Shissar Poison Strike IX   |          0 |          5 |         0 |                 -1 |        92 |                 -1 |       254 |                  0 |      255 |      255 |      255 |      255 |      255 |      255 |      255 |      255 |      255 |       255 |       255 |       255 |       255 |
| 30918 | Strike of Ssraeshza Poison Strike IX     |          0 |          5 |         0 |                 -1 |       254 |                  0 |       254 |                  0 |      255 |      255 |      255 |      255 |      255 |      255 |      255 |      255 |      255 |       255 |       255 |       255 |       255 |
| 30920 | Solusek's Burn Poison Strike IX          |          0 |          5 |         0 |                 -1 |        92 |                 -1 |       254 |                  0 |      255 |      255 |      255 |      255 |      255 |      255 |      255 |      255 |      255 |       255 |       255 |       255 |       255 |
| 30922 | E`ci's Lament Poison Strike IX           |          0 |          5 |         0 |                 -1 |        92 |                 -1 |       254 |                  0 |      255 |      255 |      255 |      255 |      255 |      255 |      255 |      255 |      255 |       255 |       255 |       255 |       255 |
| 30924 | Quellious' Trauma Poison Strike IX       |          0 |          5 |        92 |                 -1 |       254 |                  0 |       254 |                  0 |      255 |      255 |      255 |      255 |      255 |      255 |      255 |      255 |      255 |       255 |       255 |       255 |       255 |
| 30930 | Archer's Bane Poison Strike IV           |          0 |          5 |        10 |                  0 |        10 |                  0 |        36 |                  9 |      255 |      255 |      255 |      255 |      255 |      255 |      255 |      255 |      255 |       255 |       255 |       255 |       255 |
| 30932 | Pyrilen Burn Poison Strike IX            |          0 |          5 |         0 |                 -1 |        92 |                 -1 |       254 |                  0 |      255 |      255 |      255 |      255 |      255 |      255 |      255 |      255 |      255 |       255 |       255 |       255 |       255 |
| 30934 | Gelidran Lament Poison Strike IX         |          0 |          5 |         0 |                 -1 |        92 |                 -1 |       254 |                  0 |      255 |      255 |      255 |      255 |      255 |      255 |      255 |      255 |      255 |       255 |       255 |       255 |       255 |
| 30936 | Hate of the Shissar Poison Strike IX     |          0 |          5 |         0 |                 -1 |       254 |                  0 |       254 |                  0 |      255 |      255 |      255 |      255 |      255 |      255 |      255 |      255 |      255 |       255 |       255 |       255 |       255 |
| 30941 | Tallon's Tactic Poison Strike IV         |          0 |          5 |         0 |             -23368 |        92 |             -12792 |       374 |                100 |      255 |      255 |      255 |      255 |      255 |      255 |      255 |      255 |      255 |       255 |       255 |       255 |       255 |
| 30942 | Tallon's Tactic Poison Strike IV         |          0 |          5 |       297 |              35080 |       139 |              30943 |       254 |                  0 |      255 |      255 |      255 |      255 |      255 |      255 |      255 |      255 |      255 |       255 |       255 |       255 |       255 |
| 30943 | Vallon's Tactic Poison Strike IV         |          0 |          5 |         0 |             -23368 |        92 |             -12792 |       374 |                100 |      255 |      255 |      255 |      255 |      255 |      255 |      255 |      255 |      255 |       255 |       255 |       255 |       255 |
| 30944 | Vallon's Tactic Poison Strike IV         |          0 |          5 |       297 |              35080 |       139 |              30941 |       254 |                  0 |      255 |      255 |      255 |      255 |      255 |      255 |      255 |      255 |      255 |       255 |       255 |       255 |       255 |
| 31067 | Hero's Toxin Poison Strike I             |          0 |          5 |         0 |                 -1 |         0 |             -10074 |       254 |                  0 |      255 |      255 |      255 |      255 |      255 |      255 |      255 |      255 |      255 |       255 |       255 |       255 |       255 |
| 31068 | Hero's Toxin Poison Strike I             |          0 |          5 |       297 |              35080 |       139 |              31067 |       254 |                  0 |      255 |      255 |      255 |      255 |      255 |      255 |      255 |      255 |      255 |       255 |       255 |       255 |       255 |
| 31318 | Companion's Strike I                     |          0 |          5 |        10 |                  0 |         0 |              -1800 |       254 |                  0 |      255 |      255 |      255 |      255 |      255 |      255 |      255 |      255 |      255 |       255 |       255 |       255 |       255 |
| 31321 | Companion's Strike II                    |          0 |          5 |        10 |                  0 |         0 |              -2250 |       254 |                  0 |      255 |      255 |      255 |      255 |      255 |      255 |      255 |      255 |      255 |       255 |       255 |       255 |       255 |
| 31324 | Companion's Strike III                   |          0 |          5 |        10 |                  0 |         0 |              -2400 |       254 |                  0 |      255 |      255 |      255 |      255 |      255 |      255 |      255 |      255 |      255 |       255 |       255 |       255 |       255 |
| 31327 | Companion's Strike IV                    |          0 |          5 |        10 |                  0 |         0 |              -3000 |       254 |                  0 |      255 |      255 |      255 |      255 |      255 |      255 |      255 |      255 |      255 |       255 |       255 |       255 |       255 |
| 33268 | Stunning Strike IV                       |          0 |          5 |         0 |               -325 |        21 |               1000 |       254 |                  0 |      255 |      255 |      255 |      255 |      255 |      255 |      255 |      255 |      255 |       255 |       255 |       255 |       255 |
| 33273 | Stunning Strike IX                       |          0 |          5 |         0 |               -810 |        21 |               1000 |       254 |                  0 |      255 |      255 |      255 |      255 |      255 |      255 |      255 |      255 |      255 |       255 |       255 |       255 |       255 |
| 33326 | Sympathetic Force of Magic XI            |          1 |          6 |       383 |                100 |       138 |                  0 |       348 |                 10 |      255 |      255 |      255 |      255 |      255 |      255 |      255 |      255 |      255 |       255 |       255 |       255 |       255 |
| 33327 | Sympathetic Force of Magic XII           |          1 |          6 |       383 |                100 |       138 |                  0 |       348 |                 10 |      255 |      255 |      255 |      255 |      255 |      255 |      255 |      255 |      255 |       255 |       255 |       255 |       255 |
| 33328 | Sympathetic Force of Magic XIII          |          1 |          6 |       383 |                100 |       138 |                  0 |       348 |                 10 |      255 |      255 |      255 |      255 |      255 |      255 |      255 |      255 |      255 |       255 |       255 |       255 |       255 |
| 33329 | Sympathetic Force of Magic XIV           |          1 |          6 |       383 |                100 |       138 |                  0 |       348 |                 10 |      255 |      255 |      255 |      255 |      255 |      255 |      255 |      255 |      255 |       255 |       255 |       255 |       255 |
| 33330 | Sympathetic Force of Magic XV            |          1 |          6 |       383 |                100 |       138 |                  0 |       348 |                 10 |      255 |      255 |      255 |      255 |      255 |      255 |      255 |      255 |      255 |       255 |       255 |       255 |       255 |
| 33331 | Sympathetic Strike of Flames XI          |          1 |          6 |       383 |                100 |       138 |                  0 |       348 |                 10 |      255 |      255 |      255 |      255 |      255 |      255 |      255 |      255 |      255 |       255 |       255 |       255 |       255 |
| 33332 | Sympathetic Strike of Flames XII         |          1 |          6 |       383 |                100 |       138 |                  0 |       348 |                 10 |      255 |      255 |      255 |      255 |      255 |      255 |      255 |      255 |      255 |       255 |       255 |       255 |       255 |
| 33333 | Sympathetic Strike of Flames XIII        |          1 |          6 |       383 |                100 |       138 |                  0 |       348 |                 10 |      255 |      255 |      255 |      255 |      255 |      255 |      255 |      255 |      255 |       255 |       255 |       255 |       255 |
| 33334 | Sympathetic Strike of Flames XIV         |          1 |          6 |       383 |                100 |       138 |                  0 |       348 |                 10 |      255 |      255 |      255 |      255 |      255 |      255 |      255 |      255 |      255 |       255 |       255 |       255 |       255 |
| 33335 | Sympathetic Strike of Flames XV          |          1 |          6 |       383 |                100 |       138 |                  0 |       348 |                 10 |      255 |      255 |      255 |      255 |      255 |      255 |      255 |      255 |      255 |       255 |       255 |       255 |       255 |
| 33336 | Sympathetic Burst of Ice XI              |          1 |          6 |       383 |                100 |       138 |                  0 |       348 |                 10 |      255 |      255 |      255 |      255 |      255 |      255 |      255 |      255 |      255 |       255 |       255 |       255 |       255 |
| 33337 | Sympathetic Burst of Ice XII             |          1 |          6 |       383 |                100 |       138 |                  0 |       348 |                 10 |      255 |      255 |      255 |      255 |      255 |      255 |      255 |      255 |      255 |       255 |       255 |       255 |       255 |
| 33338 | Sympathetic Burst of Ice XIII            |          1 |          6 |       383 |                100 |       138 |                  0 |       348 |                 10 |      255 |      255 |      255 |      255 |      255 |      255 |      255 |      255 |      255 |       255 |       255 |       255 |       255 |
| 33339 | Sympathetic Burst of Ice XIV             |          1 |          6 |       383 |                100 |       138 |                  0 |       348 |                 10 |      255 |      255 |      255 |      255 |      255 |      255 |      255 |      255 |      255 |       255 |       255 |       255 |       255 |
| 33340 | Sympathetic Burst of Ice XV              |          1 |          6 |       383 |                100 |       138 |                  0 |       348 |                 10 |      255 |      255 |      255 |      255 |      255 |      255 |      255 |      255 |      255 |       255 |       255 |       255 |       255 |
| 33341 | Sympathetic Strike of Venom XI           |          1 |          6 |       383 |                100 |       138 |                  0 |       348 |                 10 |      255 |      255 |      255 |      255 |      255 |      255 |      255 |      255 |      255 |       255 |       255 |       255 |       255 |
| 33342 | Sympathetic Strike of Venom XII          |          1 |          6 |       383 |                100 |       138 |                  0 |       348 |                 10 |      255 |      255 |      255 |      255 |      255 |      255 |      255 |      255 |      255 |       255 |       255 |       255 |       255 |
| 33343 | Sympathetic Strike of Venom XIII         |          1 |          6 |       383 |                100 |       138 |                  0 |       348 |                 10 |      255 |      255 |      255 |      255 |      255 |      255 |      255 |      255 |      255 |       255 |       255 |       255 |       255 |
| 33344 | Sympathetic Strike of Venom XIV          |          1 |          6 |       383 |                100 |       138 |                  0 |       348 |                 10 |      255 |      255 |      255 |      255 |      255 |      255 |      255 |      255 |      255 |       255 |       255 |       255 |       255 |
| 33345 | Sympathetic Strike of Venom XV           |          1 |          6 |       383 |                100 |       138 |                  0 |       348 |                 10 |      255 |      255 |      255 |      255 |      255 |      255 |      255 |      255 |      255 |       255 |       255 |       255 |       255 |
| 33346 | Sympathetic Strike of Disease XI         |          1 |          6 |       383 |                100 |       138 |                  0 |       348 |                 10 |      255 |      255 |      255 |      255 |      255 |      255 |      255 |      255 |      255 |       255 |       255 |       255 |       255 |
| 33347 | Sympathetic Strike of Disease XII        |          1 |          6 |       383 |                100 |       138 |                  0 |       348 |                 10 |      255 |      255 |      255 |      255 |      255 |      255 |      255 |      255 |      255 |       255 |       255 |       255 |       255 |
| 33348 | Sympathetic Strike of Disease XIII       |          1 |          6 |       383 |                100 |       138 |                  0 |       348 |                 10 |      255 |      255 |      255 |      255 |      255 |      255 |      255 |      255 |      255 |       255 |       255 |       255 |       255 |
| 33349 | Sympathetic Strike of Disease XIV        |          1 |          6 |       383 |                100 |       138 |                  0 |       348 |                 10 |      255 |      255 |      255 |      255 |      255 |      255 |      255 |      255 |      255 |       255 |       255 |       255 |       255 |
| 33350 | Sympathetic Strike of Disease XV         |          1 |          6 |       383 |                100 |       138 |                  0 |       348 |                 10 |      255 |      255 |      255 |      255 |      255 |      255 |      255 |      255 |      255 |       255 |       255 |       255 |       255 |
| 33351 | Sympathetic Force of Corruption XI       |          1 |          6 |       383 |                100 |       138 |                  0 |       348 |                 10 |      255 |      255 |      255 |      255 |      255 |      255 |      255 |      255 |      255 |       255 |       255 |       255 |       255 |
| 33352 | Sympathetic Force of Corruption XII      |          1 |          6 |       383 |                100 |       138 |                  0 |       348 |                 10 |      255 |      255 |      255 |      255 |      255 |      255 |      255 |      255 |      255 |       255 |       255 |       255 |       255 |
| 33353 | Sympathetic Force of Corruption XIII     |          1 |          6 |       383 |                100 |       138 |                  0 |       348 |                 10 |      255 |      255 |      255 |      255 |      255 |      255 |      255 |      255 |      255 |       255 |       255 |       255 |       255 |
| 33354 | Sympathetic Force of Corruption XIV      |          1 |          6 |       383 |                100 |       138 |                  0 |       348 |                 10 |      255 |      255 |      255 |      255 |      255 |      255 |      255 |      255 |      255 |       255 |       255 |       255 |       255 |
| 33355 | Sympathetic Force of Corruption XV       |          1 |          6 |       383 |                100 |       138 |                  0 |       348 |                 10 |      255 |      255 |      255 |      255 |      255 |      255 |      255 |      255 |      255 |       255 |       255 |       255 |       255 |
| 33356 | Sympathetic Vampiric Strike XI           |          1 |          6 |       383 |                100 |       138 |                  0 |       348 |                 10 |      255 |      255 |      255 |      255 |      255 |      255 |      255 |      255 |      255 |       255 |       255 |       255 |       255 |
| 33357 | Sympathetic Vampiric Strike XII          |          1 |          6 |       383 |                100 |       138 |                  0 |       348 |                 10 |      255 |      255 |      255 |      255 |      255 |      255 |      255 |      255 |      255 |       255 |       255 |       255 |       255 |
| 33358 | Sympathetic Vampiric Strike XIII         |          1 |          6 |       383 |                100 |       138 |                  0 |       348 |                 10 |      255 |      255 |      255 |      255 |      255 |      255 |      255 |      255 |      255 |       255 |       255 |       255 |       255 |
| 33359 | Sympathetic Vampiric Strike XIV          |          1 |          6 |       383 |                100 |       138 |                  0 |       348 |                 10 |      255 |      255 |      255 |      255 |      255 |      255 |      255 |      255 |      255 |       255 |       255 |       255 |       255 |
| 33360 | Sympathetic Vampiric Strike XV           |          1 |          6 |       383 |                100 |       138 |                  0 |       348 |                 10 |      255 |      255 |      255 |      255 |      255 |      255 |      255 |      255 |      255 |       255 |       255 |       255 |       255 |
| 33361 | Sympathetic Healing Burst XI             |          1 |          6 |       383 |                100 |       138 |                  0 |       348 |                 10 |      255 |      255 |      255 |      255 |      255 |      255 |      255 |      255 |      255 |       255 |       255 |       255 |       255 |
| 33362 | Sympathetic Healing Burst XII            |          1 |          6 |       383 |                100 |       138 |                  0 |       348 |                 10 |      255 |      255 |      255 |      255 |      255 |      255 |      255 |      255 |      255 |       255 |       255 |       255 |       255 |
| 33363 | Sympathetic Healing Burst XIII           |          1 |          6 |       383 |                100 |       138 |                  0 |       348 |                 10 |      255 |      255 |      255 |      255 |      255 |      255 |      255 |      255 |      255 |       255 |       255 |       255 |       255 |
| 33364 | Sympathetic Healing Burst XIV            |          1 |          6 |       383 |                100 |       138 |                  0 |       348 |                 10 |      255 |      255 |      255 |      255 |      255 |      255 |      255 |      255 |      255 |       255 |       255 |       255 |       255 |
| 33365 | Sympathetic Healing Burst XV             |          1 |          6 |       383 |                100 |       138 |                  0 |       348 |                 10 |      255 |      255 |      255 |      255 |      255 |      255 |      255 |      255 |      255 |       255 |       255 |       255 |       255 |
| 33366 | Sympathetic Calming Strike XI            |          1 |          6 |       383 |                100 |       138 |                  0 |       348 |                 10 |      255 |      255 |      255 |      255 |      255 |      255 |      255 |      255 |      255 |       255 |       255 |       255 |       255 |
| 33367 | Sympathetic Calming Strike XII           |          1 |          6 |       383 |                100 |       138 |                  0 |       348 |                 10 |      255 |      255 |      255 |      255 |      255 |      255 |      255 |      255 |      255 |       255 |       255 |       255 |       255 |
| 33368 | Sympathetic Calming Strike XIII          |          1 |          6 |       383 |                100 |       138 |                  0 |       348 |                 10 |      255 |      255 |      255 |      255 |      255 |      255 |      255 |      255 |      255 |       255 |       255 |       255 |       255 |
| 33369 | Sympathetic Calming Strike XIV           |          1 |          6 |       383 |                100 |       138 |                  0 |       348 |                 10 |      255 |      255 |      255 |      255 |      255 |      255 |      255 |      255 |      255 |       255 |       255 |       255 |       255 |
| 33370 | Sympathetic Calming Strike XV            |          1 |          6 |       383 |                100 |       138 |                  0 |       348 |                 10 |      255 |      255 |      255 |      255 |      255 |      255 |      255 |      255 |      255 |       255 |       255 |       255 |       255 |
| 33371 | Sympathetic Alleviating Burst XI         |          1 |          6 |       383 |                100 |       138 |                  0 |       348 |                375 |      255 |      255 |      255 |      255 |      255 |      255 |      255 |      255 |      255 |       255 |       255 |       255 |       255 |
| 33372 | Sympathetic Alleviating Burst XII        |          1 |          6 |       383 |                100 |       138 |                  0 |       348 |                450 |      255 |      255 |      255 |      255 |      255 |      255 |      255 |      255 |      255 |       255 |       255 |       255 |       255 |
| 33373 | Sympathetic Alleviating Burst XIII       |          1 |          6 |       383 |                100 |       138 |                  0 |       348 |                525 |      255 |      255 |      255 |      255 |      255 |      255 |      255 |      255 |      255 |       255 |       255 |       255 |       255 |
| 33374 | Sympathetic Alleviating Burst XIV        |          1 |          6 |       383 |                100 |       138 |                  0 |       348 |                600 |      255 |      255 |      255 |      255 |      255 |      255 |      255 |      255 |      255 |       255 |       255 |       255 |       255 |
| 33375 | Sympathetic Alleviating Burst XV         |          1 |          6 |       383 |                100 |       138 |                  0 |       348 |                675 |      255 |      255 |      255 |      255 |      255 |      255 |      255 |      255 |      255 |       255 |       255 |       255 |       255 |
| 33376 | Sympathetic Surge of Magic XI            |          1 |          6 |       383 |                100 |       138 |                  0 |       348 |                 10 |      255 |      255 |      255 |      255 |      255 |      255 |      255 |      255 |      255 |       255 |       255 |       255 |       255 |
| 33377 | Sympathetic Surge of Magic XII           |          1 |          6 |       383 |                100 |       138 |                  0 |       348 |                 10 |      255 |      255 |      255 |      255 |      255 |      255 |      255 |      255 |      255 |       255 |       255 |       255 |       255 |
| 33378 | Sympathetic Surge of Magic XIII          |          1 |          6 |       383 |                100 |       138 |                  0 |       348 |                 10 |      255 |      255 |      255 |      255 |      255 |      255 |      255 |      255 |      255 |       255 |       255 |       255 |       255 |
| 33379 | Sympathetic Surge of Magic XIV           |          1 |          6 |       383 |                100 |       138 |                  0 |       348 |                 10 |      255 |      255 |      255 |      255 |      255 |      255 |      255 |      255 |      255 |       255 |       255 |       255 |       255 |
| 33380 | Sympathetic Surge of Magic XV            |          1 |          6 |       383 |                100 |       138 |                  0 |       348 |                 10 |      255 |      255 |      255 |      255 |      255 |      255 |      255 |      255 |      255 |       255 |       255 |       255 |       255 |
| 33381 | Sympathetic Pulse of Flames XI           |          1 |          6 |       383 |                100 |       138 |                  0 |       348 |                 10 |      255 |      255 |      255 |      255 |      255 |      255 |      255 |      255 |      255 |       255 |       255 |       255 |       255 |
| 33382 | Sympathetic Pulse of Flames XII          |          1 |          6 |       383 |                100 |       138 |                  0 |       348 |                 10 |      255 |      255 |      255 |      255 |      255 |      255 |      255 |      255 |      255 |       255 |       255 |       255 |       255 |
| 33383 | Sympathetic Pulse of Flames XIII         |          1 |          6 |       383 |                100 |       138 |                  0 |       348 |                 10 |      255 |      255 |      255 |      255 |      255 |      255 |      255 |      255 |      255 |       255 |       255 |       255 |       255 |
| 33384 | Sympathetic Pulse of Flames XIV          |          1 |          6 |       383 |                100 |       138 |                  0 |       348 |                 10 |      255 |      255 |      255 |      255 |      255 |      255 |      255 |      255 |      255 |       255 |       255 |       255 |       255 |
| 33385 | Sympathetic Pulse of Flames XV           |          1 |          6 |       383 |                100 |       138 |                  0 |       348 |                 10 |      255 |      255 |      255 |      255 |      255 |      255 |      255 |      255 |      255 |       255 |       255 |       255 |       255 |
| 33386 | Sympathetic Surge of Ice XI              |          1 |          6 |       383 |                100 |       138 |                  0 |       348 |                 10 |      255 |      255 |      255 |      255 |      255 |      255 |      255 |      255 |      255 |       255 |       255 |       255 |       255 |
| 33387 | Sympathetic Surge of Ice XII             |          1 |          6 |       383 |                100 |       138 |                  0 |       348 |                 10 |      255 |      255 |      255 |      255 |      255 |      255 |      255 |      255 |      255 |       255 |       255 |       255 |       255 |
| 33388 | Sympathetic Surge of Ice XIII            |          1 |          6 |       383 |                100 |       138 |                  0 |       348 |                 10 |      255 |      255 |      255 |      255 |      255 |      255 |      255 |      255 |      255 |       255 |       255 |       255 |       255 |
| 33389 | Sympathetic Surge of Ice XIV             |          1 |          6 |       383 |                100 |       138 |                  0 |       348 |                 10 |      255 |      255 |      255 |      255 |      255 |      255 |      255 |      255 |      255 |       255 |       255 |       255 |       255 |
| 33390 | Sympathetic Surge of Ice XV              |          1 |          6 |       383 |                100 |       138 |                  0 |       348 |                 10 |      255 |      255 |      255 |      255 |      255 |      255 |      255 |      255 |      255 |       255 |       255 |       255 |       255 |
| 33391 | Sympathetic Pulse of Venom XI            |          1 |          6 |       383 |                100 |       138 |                  0 |       348 |                 10 |      255 |      255 |      255 |      255 |      255 |      255 |      255 |      255 |      255 |       255 |       255 |       255 |       255 |
| 33392 | Sympathetic Pulse of Venom XII           |          1 |          6 |       383 |                100 |       138 |                  0 |       348 |                 10 |      255 |      255 |      255 |      255 |      255 |      255 |      255 |      255 |      255 |       255 |       255 |       255 |       255 |
| 33393 | Sympathetic Pulse of Venom XIII          |          1 |          6 |       383 |                100 |       138 |                  0 |       348 |                 10 |      255 |      255 |      255 |      255 |      255 |      255 |      255 |      255 |      255 |       255 |       255 |       255 |       255 |
| 33394 | Sympathetic Pulse of Venom XIV           |          1 |          6 |       383 |                100 |       138 |                  0 |       348 |                 10 |      255 |      255 |      255 |      255 |      255 |      255 |      255 |      255 |      255 |       255 |       255 |       255 |       255 |
| 33395 | Sympathetic Pulse of Venom XV            |          1 |          6 |       383 |                100 |       138 |                  0 |       348 |                 10 |      255 |      255 |      255 |      255 |      255 |      255 |      255 |      255 |      255 |       255 |       255 |       255 |       255 |
| 33396 | Sympathetic Pulse of Disease XI          |          1 |          6 |       383 |                100 |       138 |                  0 |       348 |                 10 |      255 |      255 |      255 |      255 |      255 |      255 |      255 |      255 |      255 |       255 |       255 |       255 |       255 |
| 33397 | Sympathetic Pulse of Disease XII         |          1 |          6 |       383 |                100 |       138 |                  0 |       348 |                 10 |      255 |      255 |      255 |      255 |      255 |      255 |      255 |      255 |      255 |       255 |       255 |       255 |       255 |
| 33398 | Sympathetic Pulse of Disease XIII        |          1 |          6 |       383 |                100 |       138 |                  0 |       348 |                 10 |      255 |      255 |      255 |      255 |      255 |      255 |      255 |      255 |      255 |       255 |       255 |       255 |       255 |
| 33399 | Sympathetic Pulse of Disease XIV         |          1 |          6 |       383 |                100 |       138 |                  0 |       348 |                 10 |      255 |      255 |      255 |      255 |      255 |      255 |      255 |      255 |      255 |       255 |       255 |       255 |       255 |
| 33400 | Sympathetic Pulse of Disease XV          |          1 |          6 |       383 |                100 |       138 |                  0 |       348 |                 10 |      255 |      255 |      255 |      255 |      255 |      255 |      255 |      255 |      255 |       255 |       255 |       255 |       255 |
| 33401 | Sympathetic Surge of Corruption XI       |          1 |          6 |       383 |                100 |       138 |                  0 |       348 |                 10 |      255 |      255 |      255 |      255 |      255 |      255 |      255 |      255 |      255 |       255 |       255 |       255 |       255 |
| 33402 | Sympathetic Surge of Corruption XII      |          1 |          6 |       383 |                100 |       138 |                  0 |       348 |                 10 |      255 |      255 |      255 |      255 |      255 |      255 |      255 |      255 |      255 |       255 |       255 |       255 |       255 |
| 33403 | Sympathetic Surge of Corruption XIII     |          1 |          6 |       383 |                100 |       138 |                  0 |       348 |                 10 |      255 |      255 |      255 |      255 |      255 |      255 |      255 |      255 |      255 |       255 |       255 |       255 |       255 |
| 33404 | Sympathetic Surge of Corruption XIV      |          1 |          6 |       383 |                100 |       138 |                  0 |       348 |                 10 |      255 |      255 |      255 |      255 |      255 |      255 |      255 |      255 |      255 |       255 |       255 |       255 |       255 |
| 33405 | Sympathetic Surge of Corruption XV       |          1 |          6 |       383 |                100 |       138 |                  0 |       348 |                 10 |      255 |      255 |      255 |      255 |      255 |      255 |      255 |      255 |      255 |       255 |       255 |       255 |       255 |
| 33411 | Sympathetic Invigorating Burst I         |          1 |          6 |       383 |                100 |       138 |                  1 |       348 |                 60 |      255 |      255 |      255 |      255 |      255 |      255 |      255 |      255 |      255 |       255 |       255 |       255 |       255 |
| 33412 | Sympathetic Invigorating Burst II        |          1 |          6 |       383 |                100 |       138 |                  1 |       348 |                 70 |      255 |      255 |      255 |      255 |      255 |      255 |      255 |      255 |      255 |       255 |       255 |       255 |       255 |
| 33413 | Sympathetic Invigorating Burst III       |          1 |          6 |       383 |                100 |       138 |                  1 |       348 |                 80 |      255 |      255 |      255 |      255 |      255 |      255 |      255 |      255 |      255 |       255 |       255 |       255 |       255 |
| 33414 | Sympathetic Invigorating Burst IV        |          1 |          6 |       383 |                100 |       138 |                  1 |       348 |                105 |      255 |      255 |      255 |      255 |      255 |      255 |      255 |      255 |      255 |       255 |       255 |       255 |       255 |
| 33415 | Sympathetic Invigorating Burst V         |          1 |          6 |       383 |                100 |       138 |                  1 |       348 |                128 |      255 |      255 |      255 |      255 |      255 |      255 |      255 |      255 |      255 |       255 |       255 |       255 |       255 |
| 33416 | Sympathetic Invigorating Burst VI        |          1 |          6 |       383 |                100 |       138 |                  1 |       348 |                150 |      255 |      255 |      255 |      255 |      255 |      255 |      255 |      255 |      255 |       255 |       255 |       255 |       255 |
| 33417 | Sympathetic Invigorating Burst VII       |          1 |          6 |       383 |                100 |       138 |                  1 |       348 |                188 |      255 |      255 |      255 |      255 |      255 |      255 |      255 |      255 |      255 |       255 |       255 |       255 |       255 |
| 33418 | Sympathetic Invigorating Burst VIII      |          1 |          6 |       383 |                100 |       138 |                  1 |       348 |                200 |      255 |      255 |      255 |      255 |      255 |      255 |      255 |      255 |      255 |       255 |       255 |       255 |       255 |
| 33419 | Sympathetic Invigorating Burst IX        |          1 |          6 |       383 |                100 |       138 |                  1 |       348 |                225 |      255 |      255 |      255 |      255 |      255 |      255 |      255 |      255 |      255 |       255 |       255 |       255 |       255 |
| 33420 | Sympathetic Invigorating Burst X         |          1 |          6 |       383 |                100 |       138 |                  1 |       348 |                300 |      255 |      255 |      255 |      255 |      255 |      255 |      255 |      255 |      255 |       255 |       255 |       255 |       255 |
| 33421 | Sympathetic Invigorating Burst XI        |          1 |          6 |       383 |                100 |       138 |                  1 |       348 |                375 |      255 |      255 |      255 |      255 |      255 |      255 |      255 |      255 |      255 |       255 |       255 |       255 |       255 |
| 33422 | Sympathetic Invigorating Burst XII       |          1 |          6 |       383 |                100 |       138 |                  1 |       348 |                450 |      255 |      255 |      255 |      255 |      255 |      255 |      255 |      255 |      255 |       255 |       255 |       255 |       255 |
| 33423 | Sympathetic Invigorating Burst XIII      |          1 |          6 |       383 |                100 |       138 |                  1 |       348 |                525 |      255 |      255 |      255 |      255 |      255 |      255 |      255 |      255 |      255 |       255 |       255 |       255 |       255 |
| 33424 | Sympathetic Invigorating Burst XIV       |          1 |          6 |       383 |                100 |       138 |                  1 |       348 |                600 |      255 |      255 |      255 |      255 |      255 |      255 |      255 |      255 |      255 |       255 |       255 |       255 |       255 |
| 33425 | Sympathetic Invigorating Burst XV        |          1 |          6 |       383 |                100 |       138 |                  1 |       348 |                675 |      255 |      255 |      255 |      255 |      255 |      255 |      255 |      255 |      255 |       255 |       255 |       255 |       255 |
| 33482 | Hero's Toxin Poison Strike II            |          0 |          5 |         0 |                 -1 |         0 |             -10074 |       254 |                  0 |      255 |      255 |      255 |      255 |      255 |      255 |      255 |      255 |      255 |       255 |       255 |       255 |       255 |
| 33483 | Hero's Toxin Poison Strike II            |          0 |          5 |       297 |              35080 |       139 |              33482 |       254 |                  0 |      255 |      255 |      255 |      255 |      255 |      255 |      255 |      255 |      255 |       255 |       255 |       255 |       255 |
| 34116 | Vital Strike II                          |          0 |          5 |         0 |              -3263 |       254 |                  0 |       254 |                  0 |      255 |      255 |      255 |      255 |      255 |      255 |      255 |      255 |      255 |       255 |       255 |       255 |       255 |
| 34117 | Vital Strike III                         |          0 |          5 |         0 |              -3426 |       254 |                  0 |       254 |                  0 |      255 |      255 |      255 |      255 |      255 |      255 |      255 |      255 |      255 |       255 |       255 |       255 |       255 |
| 34170 | Virtuous Intervention Strike II          |          0 |         46 |         0 |              -8051 |         0 |              -2415 |         0 |              -1208 |      255 |       98 |      255 |      255 |      255 |      255 |      255 |      255 |      255 |       255 |       255 |       255 |       255 |
| 34171 | Virtuous Intervention Strike III         |          0 |         46 |         0 |              -8454 |         0 |              -2536 |         0 |              -1268 |      255 |       98 |      255 |      255 |      255 |      255 |      255 |      255 |      255 |       255 |       255 |       255 |       255 |
| 34200 | Vehement Strike II                       |          0 |          5 |         0 |              -3263 |       254 |                  0 |       254 |                  0 |      255 |      255 |      255 |      255 |      255 |      255 |      255 |      255 |      255 |       255 |       255 |       255 |       255 |
| 34201 | Vehement Strike III                      |          0 |          5 |         0 |              -3426 |       254 |                  0 |       254 |                  0 |      255 |      255 |      255 |      255 |      255 |      255 |      255 |      255 |      255 |       255 |       255 |       255 |       255 |
| 34254 | Virtuous Contravention Strike II         |          0 |          5 |         0 |             -10693 |         0 |              -3208 |         0 |              -1604 |      255 |      100 |      255 |      255 |      255 |      255 |      255 |      255 |      255 |       255 |       255 |       255 |       255 |
| 34255 | Virtuous Contravention Strike III        |          0 |          5 |         0 |             -11228 |         0 |              -3368 |         0 |              -1684 |      255 |      100 |      255 |      255 |      255 |      255 |      255 |      255 |      255 |       255 |       255 |       255 |       255 |
| 34381 | Armor of Reverence Strike II             |          0 |          5 |         0 |              -1811 |        21 |               1000 |       254 |                  0 |      255 |      255 |      255 |      255 |      255 |      255 |      255 |      255 |      255 |       255 |       255 |       255 |       255 |
| 34382 | Armor of Reverence Strike III            |          0 |          5 |         0 |              -1902 |        21 |               1000 |       254 |                  0 |      255 |      255 |      255 |      255 |      255 |      255 |      255 |      255 |      255 |       255 |       255 |       255 |       255 |
| 34408 | Umbrage Strike II                        |          0 |          5 |       193 |                658 |       254 |                  0 |       254 |                  0 |      255 |      255 |       98 |      255 |      255 |      255 |      255 |      255 |      255 |       255 |       255 |       255 |       255 |
| 34409 | Umbrage Strike III                       |          0 |          5 |       193 |                691 |       254 |                  0 |       254 |                  0 |      255 |      255 |       98 |      255 |      255 |      255 |      255 |      255 |      255 |       255 |       255 |       255 |       255 |
| 34450 | Reverent Fury Strike II                  |          0 |          5 |         0 |               -796 |       254 |                  0 |       254 |                  0 |      255 |      255 |      100 |      255 |      255 |      255 |      255 |      255 |      255 |       255 |       255 |       255 |       255 |
| 34451 | Reverent Fury Strike III                 |          0 |          5 |         0 |               -836 |       254 |                  0 |       254 |                  0 |      255 |      255 |      100 |      255 |      255 |      255 |      255 |      255 |      255 |       255 |       255 |       255 |       255 |
| 34537 | Jolting Shock Strike II                  |          0 |          5 |        92 |              -3164 |       254 |                  0 |       254 |                  0 |      255 |      255 |      255 |      255 |      255 |      255 |      255 |      255 |      255 |       255 |       255 |       255 |       255 |
| 34538 | Jolting Shock Strike III                 |          0 |          5 |        92 |              -3322 |       254 |                  0 |       254 |                  0 |      255 |      255 |      255 |      255 |      255 |      255 |      255 |      255 |      255 |       255 |       255 |       255 |       255 |
| 34586 | Devastating Impact Strike II             |          0 |          5 |        10 |                  0 |         0 |              -1502 |       254 |                  0 |      255 |      255 |      255 |      255 |      255 |      255 |      255 |      255 |      255 |       255 |       255 |       255 |       255 |
| 34587 | Devastating Impact Strike III            |          0 |          5 |        10 |                  0 |         0 |              -1577 |       254 |                  0 |      255 |      255 |      255 |      255 |      255 |      255 |      255 |      255 |      255 |       255 |       255 |       255 |       255 |
| 34613 | Deafening Weapons Strike II              |          0 |          5 |        10 |                  0 |         0 |               -937 |       254 |                  0 |      255 |      255 |      255 |      255 |      255 |      255 |      255 |      255 |      255 |       255 |       255 |       255 |       255 |
| 34614 | Deafening Weapons Strike III             |          0 |          5 |        10 |                  0 |         0 |               -984 |       254 |                  0 |      255 |      255 |      255 |      255 |      255 |      255 |      255 |      255 |      255 |       255 |       255 |       255 |       255 |
| 34667 | Grelleth's Horror Strike II              |          0 |          5 |         0 |               -365 |       254 |                  0 |       254 |                  0 |      255 |      255 |      255 |      255 |      255 |      255 |      255 |      255 |      255 |       255 |       255 |       255 |       255 |
| 34668 | Grelleth's Horror Strike III             |          0 |          5 |         0 |               -383 |       254 |                  0 |       254 |                  0 |      255 |      255 |      255 |      255 |      255 |      255 |      255 |      255 |      255 |       255 |       255 |       255 |       255 |
| 34712 | Shroud of the Darksworn Strike II        |          0 |         13 |         0 |               -488 |       254 |                  0 |       254 |                  0 |      255 |      255 |      255 |      255 |      255 |      255 |      255 |      255 |      255 |       255 |       255 |       255 |       255 |
| 34713 | Shroud of the Darksworn Strike III       |          0 |         13 |         0 |               -512 |       254 |                  0 |       254 |                  0 |      255 |      255 |      255 |      255 |      255 |      255 |      255 |      255 |      255 |       255 |       255 |       255 |       255 |
| 34909 | Wildspark Aura Strike II                 |          0 |          5 |         0 |              -2765 |       254 |                  0 |       254 |                  0 |      255 |      255 |      255 |      255 |      255 |      255 |      255 |      255 |      255 |       255 |       255 |       255 |       255 |
| 34910 | Wildspark Aura Strike III                |          0 |          5 |         0 |              -2903 |       254 |                  0 |       254 |                  0 |      255 |      255 |      255 |      255 |      255 |      255 |      255 |      255 |      255 |       255 |       255 |       255 |       255 |
| 34924 | Frostone Strike II                       |          0 |          5 |         0 |              -2769 |       254 |                  0 |       254 |                  0 |      255 |      255 |      255 |      255 |      255 |      255 |      255 |      255 |      255 |       255 |       255 |       255 |       255 |
| 34925 | Frostone Strike III                      |          0 |          5 |         0 |              -2907 |       254 |                  0 |       254 |                  0 |      255 |      255 |      255 |      255 |      255 |      255 |      255 |      255 |      255 |       255 |       255 |       255 |       255 |
| 34960 | Sporali Strike II                        |          0 |          5 |         0 |             -10716 |       254 |                  0 |       254 |                  0 |      255 |      255 |      255 |      255 |      255 |      255 |      255 |      255 |      255 |       255 |       255 |       255 |       255 |
| 34961 | Sporali Strike III                       |          0 |          5 |         0 |             -11252 |       254 |                  0 |       254 |                  0 |      255 |      255 |      255 |      255 |      255 |      255 |      255 |      255 |      255 |       255 |       255 |       255 |       255 |
| 35057 | Eagle's Strike II                        |          0 |          5 |       193 |                445 |       254 |                  0 |       254 |                  0 |      255 |      255 |      255 |      255 |      255 |      255 |      255 |      255 |      255 |       255 |       255 |       255 |       255 |
| 35058 | Eagle's Strike III                       |          0 |          5 |       193 |                467 |       254 |                  0 |       254 |                  0 |      255 |      255 |      255 |      255 |      255 |      255 |      255 |      255 |      255 |       255 |       255 |       255 |       255 |
| 35168 | Kaficus' Strike II                       |          0 |          5 |         0 |              -6770 |       254 |                  0 |       254 |                  0 |      255 |      255 |      255 |      255 |      255 |      255 |      255 |      255 |      255 |       255 |       255 |       255 |       255 |
| 35169 | Kaficus' Strike III                      |          0 |          5 |         0 |              -7109 |       254 |                  0 |       254 |                  0 |      255 |      255 |      255 |      255 |      255 |      255 |      255 |      255 |      255 |       255 |       255 |       255 |       255 |
| 35198 | Arcane Hymn Strike II                    |          0 |          5 |         0 |               -461 |       254 |                  0 |       254 |                  0 |      255 |      255 |      255 |      255 |      255 |      255 |      255 |      254 |      255 |       255 |       255 |       255 |       255 |
| 35199 | Arcane Hymn Strike III                   |          0 |          5 |         0 |               -484 |       254 |                  0 |       254 |                  0 |      255 |      255 |      255 |      255 |      255 |      255 |      255 |      254 |      255 |       255 |       255 |       255 |       255 |
| 35279 | Asp Blade Strike II                      |          0 |          5 |         0 |              -3095 |       254 |                  0 |       254 |                  0 |      255 |      255 |      255 |      255 |      255 |      255 |      255 |      255 |      255 |       255 |       255 |       255 |       255 |
| 35280 | Asp Blade Strike III                     |          0 |          5 |         0 |              -3250 |       254 |                  0 |       254 |                  0 |      255 |      255 |      255 |      255 |      255 |      255 |      255 |      255 |      255 |       255 |       255 |       255 |       255 |
| 35563 | Bestowed Mortality Strike II             |          0 |         13 |         0 |              -2261 |       254 |                  0 |       254 |                  0 |      255 |      255 |      255 |      255 |      255 |      255 |      255 |      255 |      255 |       255 |       255 |       255 |       255 |
| 35564 | Bestowed Mortality Strike III            |          0 |         13 |         0 |              -2374 |       254 |                  0 |       254 |                  0 |      255 |      255 |      255 |      255 |      255 |      255 |      255 |      255 |      255 |       255 |       255 |       255 |       255 |
| 35973 | Servant Strike II                        |          0 |          5 |         0 |              -5531 |       254 |                  0 |       254 |                  0 |      255 |      255 |      255 |      255 |      255 |      255 |      255 |      255 |      255 |       255 |       255 |       255 |       255 |
| 35974 | Servant Strike III                       |          0 |          5 |         0 |              -5808 |       254 |                  0 |       254 |                  0 |      255 |      255 |      255 |      255 |      255 |      255 |      255 |      255 |      255 |       255 |       255 |       255 |       255 |
| 35995 | Iceflame Strike II                       |          0 |          5 |         0 |               -784 |       254 |                  0 |       254 |                  0 |      255 |      255 |      255 |      255 |      255 |      255 |      255 |      255 |      255 |       255 |       255 |       255 |       255 |
| 35996 | Iceflame Strike III                      |          0 |          5 |         0 |               -823 |       254 |                  0 |       254 |                  0 |      255 |      255 |      255 |      255 |      255 |      255 |      255 |      255 |      255 |       255 |       255 |       255 |       255 |
| 36038 | Minion Strike II                         |          0 |          5 |         0 |              -6006 |       254 |                  0 |       254 |                  0 |      255 |      255 |      255 |      255 |      255 |      255 |      255 |      255 |      255 |       255 |       255 |       255 |       255 |
| 36039 | Minion Strike III                        |          0 |          5 |         0 |              -6306 |       254 |                  0 |       254 |                  0 |      255 |      255 |      255 |      255 |      255 |      255 |      255 |      255 |      255 |       255 |       255 |       255 |       255 |
| 36164 | Mana Reverberation Strike II             |          0 |          5 |         0 |              -3403 |       340 |                 10 |       254 |                  0 |      255 |      255 |      255 |      255 |      255 |      255 |      255 |      255 |      255 |       255 |       255 |       255 |       255 |
| 36165 | Mana Reverberation Strike III            |          0 |          5 |         0 |              -3573 |       340 |                 10 |       254 |                  0 |      255 |      255 |      255 |      255 |      255 |      255 |      255 |      255 |      255 |       255 |       255 |       255 |       255 |
| 36248 | Polyiridescent Rune Strike II            |          0 |          4 |        21 |               6000 |       254 |                  0 |       254 |                  0 |      255 |      255 |      255 |      255 |      255 |      255 |      255 |      255 |      255 |       255 |       255 |       255 |       255 |
| 36249 | Polyiridescent Rune Strike III           |          0 |          4 |        21 |               6000 |       254 |                  0 |       254 |                  0 |      255 |      255 |      255 |      255 |      255 |      255 |      255 |      255 |      255 |       255 |       255 |       255 |       255 |
| 36417 | Spirit of Nak Strike II                  |          0 |          5 |         0 |              -1109 |        92 |                -60 |        21 |               1500 |      255 |      255 |      255 |      255 |      255 |      255 |      255 |      255 |      255 |       255 |       255 |       255 |       255 |
| 36418 | Spirit of Nak Strike III                 |          0 |          5 |         0 |              -1164 |        92 |                -60 |        21 |               1500 |      255 |      255 |      255 |      255 |      255 |      255 |      255 |      255 |      255 |       255 |       255 |       255 |       255 |
| 36469 | Withering Strike II                      |          0 |          5 |        10 |                  0 |         6 |                -31 |         4 |                -31 |      255 |      255 |      255 |      255 |      255 |      255 |      255 |      255 |      255 |       255 |       255 |       255 |       255 |
| 36470 | Withering Strike III                     |          0 |          5 |        10 |                  0 |         6 |                -32 |         4 |                -32 |      255 |      255 |      255 |      255 |      255 |      255 |      255 |      255 |      255 |       255 |       255 |       255 |       255 |
| 36481 | Nak's Poison Strike II                   |          0 |          5 |         0 |              -5238 |       254 |                  0 |       254 |                  0 |      255 |      255 |      255 |      255 |      255 |      255 |      255 |      255 |      255 |       255 |       255 |       255 |       255 |
| 36482 | Nak's Poison Strike III                  |          0 |          5 |         0 |              -5500 |       254 |                  0 |       254 |                  0 |      255 |      255 |      255 |      255 |      255 |      255 |      255 |      255 |      255 |       255 |       255 |       255 |       255 |
| 36484 | Nak's Disease Strike II                  |          0 |          5 |         0 |              -5529 |       254 |                  0 |       254 |                  0 |      255 |      255 |      255 |      255 |      255 |      255 |      255 |      255 |      255 |       255 |       255 |       255 |       255 |
| 36485 | Nak's Disease Strike III                 |          0 |          5 |         0 |              -5805 |       254 |                  0 |       254 |                  0 |      255 |      255 |      255 |      255 |      255 |      255 |      255 |      255 |      255 |       255 |       255 |       255 |       255 |
| 36487 | Nak's Ice Strike II                      |          0 |          5 |         0 |              -5065 |       254 |                  0 |       254 |                  0 |      255 |      255 |      255 |      255 |      255 |      255 |      255 |      255 |      255 |       255 |       255 |       255 |       255 |
| 36488 | Nak's Ice Strike III                     |          0 |          5 |         0 |              -5318 |       254 |                  0 |       254 |                  0 |      255 |      255 |      255 |      255 |      255 |      255 |      255 |      255 |      255 |       255 |       255 |       255 |       255 |
| 36539 | Fearless Frenzy Strike II                |          0 |          5 |         0 |              -2053 |       254 |                  0 |       254 |                  0 |      255 |      255 |      255 |      255 |      255 |      255 |      255 |      255 |      255 |       255 |       255 |       255 |       255 |
| 36540 | Fearless Frenzy Strike III               |          0 |          5 |         0 |              -2156 |       254 |                  0 |       254 |                  0 |      255 |      255 |      255 |      255 |      255 |      255 |      255 |      255 |      255 |       255 |       255 |       255 |       255 |
| 36566 | Augmented Frenzy Strike II               |          0 |          5 |         0 |              -4011 |       254 |                  0 |       254 |                  0 |      255 |      255 |      255 |      255 |      255 |      255 |      255 |      255 |      255 |       255 |       255 |       255 |       255 |
| 36567 | Augmented Frenzy Strike III              |          0 |          5 |         0 |              -4212 |       254 |                  0 |       254 |                  0 |      255 |      255 |      255 |      255 |      255 |      255 |      255 |      255 |      255 |       255 |       255 |       255 |       255 |
| 36598 | Earth Elemental Strike IX                |          0 |          5 |        79 |                -10 |        99 |             -10000 |       374 |                100 |      255 |      255 |      255 |      255 |      255 |      255 |      255 |      255 |      255 |       255 |       255 |       255 |       255 |
| 37450 | Companion's Strike I                     |          0 |          5 |        10 |                  0 |         0 |              -3000 |       254 |                  0 |      255 |      255 |      255 |      255 |      255 |      255 |      255 |      255 |      255 |       255 |       255 |       255 |       255 |
| 37453 | Companion's Strike II                    |          0 |          5 |        10 |                  0 |         0 |              -3375 |       254 |                  0 |      255 |      255 |      255 |      255 |      255 |      255 |      255 |      255 |      255 |       255 |       255 |       255 |       255 |
| 37456 | Companion's Strike III                   |          0 |          5 |        10 |                  0 |         0 |              -3750 |       254 |                  0 |      255 |      255 |      255 |      255 |      255 |      255 |      255 |      255 |      255 |       255 |       255 |       255 |       255 |
| 37459 | Companion's Strike IV                    |          0 |          5 |        10 |                  0 |         0 |              -4000 |       254 |                  0 |      255 |      255 |      255 |      255 |      255 |      255 |      255 |      255 |      255 |       255 |       255 |       255 |       255 |
| 37669 | Banestrike I                             |          0 |          5 |         0 |                 -7 |       254 |                  0 |       254 |                  0 |      255 |      255 |      255 |      255 |      255 |      255 |      255 |      255 |      255 |       255 |       255 |       255 |       255 |
| 37670 | Banestrike II                            |          0 |          5 |         0 |                -15 |       254 |                  0 |       254 |                  0 |      255 |      255 |      255 |      255 |      255 |      255 |      255 |      255 |      255 |       255 |       255 |       255 |       255 |
| 37671 | Banestrike III                           |          0 |          5 |         0 |                -25 |       254 |                  0 |       254 |                  0 |      255 |      255 |      255 |      255 |      255 |      255 |      255 |      255 |      255 |       255 |       255 |       255 |       255 |
| 37672 | Banestrike IV                            |          0 |          5 |         0 |                -40 |       254 |                  0 |       254 |                  0 |      255 |      255 |      255 |      255 |      255 |      255 |      255 |      255 |      255 |       255 |       255 |       255 |       255 |
| 37677 | Banestrike IX                            |          0 |          5 |         0 |               -120 |       254 |                  0 |       254 |                  0 |      255 |      255 |      255 |      255 |      255 |      255 |      255 |      255 |      255 |       255 |       255 |       255 |       255 |
| 38606 | Sympathetic Remote Healing Surge I       |          1 |          6 |       383 |                100 |       138 |                  0 |       348 |                 10 |      255 |      255 |      255 |      255 |      255 |      255 |      255 |      255 |      255 |       255 |       255 |       255 |       255 |
| 38607 | Sympathetic Remote Healing Surge II      |          1 |          6 |       383 |                100 |       138 |                  0 |       348 |                 10 |      255 |      255 |      255 |      255 |      255 |      255 |      255 |      255 |      255 |       255 |       255 |       255 |       255 |
| 38608 | Sympathetic Remote Healing Surge III     |          1 |          6 |       383 |                100 |       138 |                  0 |       348 |                 10 |      255 |      255 |      255 |      255 |      255 |      255 |      255 |      255 |      255 |       255 |       255 |       255 |       255 |
| 38609 | Sympathetic Remote Healing Surge IV      |          1 |          6 |       383 |                100 |       138 |                  0 |       348 |                 10 |      255 |      255 |      255 |      255 |      255 |      255 |      255 |      255 |      255 |       255 |       255 |       255 |       255 |
| 38610 | Sympathetic Remote Healing Surge V       |          1 |          6 |       383 |                100 |       138 |                  0 |       348 |                 10 |      255 |      255 |      255 |      255 |      255 |      255 |      255 |      255 |      255 |       255 |       255 |       255 |       255 |
| 38611 | Sympathetic Remote Healing Surge VI      |          1 |          6 |       383 |                100 |       138 |                  0 |       348 |                 10 |      255 |      255 |      255 |      255 |      255 |      255 |      255 |      255 |      255 |       255 |       255 |       255 |       255 |
| 38612 | Sympathetic Remote Healing Surge VII     |          1 |          6 |       383 |                100 |       138 |                  0 |       348 |                 10 |      255 |      255 |      255 |      255 |      255 |      255 |      255 |      255 |      255 |       255 |       255 |       255 |       255 |
| 38613 | Sympathetic Remote Healing Surge VIII    |          1 |          6 |       383 |                100 |       138 |                  0 |       348 |                 10 |      255 |      255 |      255 |      255 |      255 |      255 |      255 |      255 |      255 |       255 |       255 |       255 |       255 |
| 38614 | Sympathetic Remote Healing Surge IX      |          1 |          6 |       383 |                100 |       138 |                  0 |       348 |                 10 |      255 |      255 |      255 |      255 |      255 |      255 |      255 |      255 |      255 |       255 |       255 |       255 |       255 |
| 38615 | Sympathetic Remote Healing Surge X       |          1 |          6 |       383 |                100 |       138 |                  0 |       348 |                 10 |      255 |      255 |      255 |      255 |      255 |      255 |      255 |      255 |      255 |       255 |       255 |       255 |       255 |
| 38616 | Sympathetic Remote Healing Surge XI      |          1 |          6 |       383 |                100 |       138 |                  0 |       348 |                 10 |      255 |      255 |      255 |      255 |      255 |      255 |      255 |      255 |      255 |       255 |       255 |       255 |       255 |
| 38617 | Sympathetic Remote Healing Surge XII     |          1 |          6 |       383 |                100 |       138 |                  0 |       348 |                 10 |      255 |      255 |      255 |      255 |      255 |      255 |      255 |      255 |      255 |       255 |       255 |       255 |       255 |
| 38618 | Sympathetic Remote Healing Surge XIII    |          1 |          6 |       383 |                100 |       138 |                  0 |       348 |                 10 |      255 |      255 |      255 |      255 |      255 |      255 |      255 |      255 |      255 |       255 |       255 |       255 |       255 |
| 38619 | Sympathetic Remote Healing Surge XIV     |          1 |          6 |       383 |                100 |       138 |                  0 |       348 |                 10 |      255 |      255 |      255 |      255 |      255 |      255 |      255 |      255 |      255 |       255 |       255 |       255 |       255 |
| 38620 | Sympathetic Remote Healing Surge XV      |          1 |          6 |       383 |                100 |       138 |                  0 |       348 |                 10 |      255 |      255 |      255 |      255 |      255 |      255 |      255 |      255 |      255 |       255 |       255 |       255 |       255 |
| 38779 | Sympathetic Minion V                     |          1 |          6 |       383 |                 50 |       138 |                  0 |       348 |                 10 |      255 |      255 |      255 |      255 |      255 |      255 |      255 |      255 |      255 |       255 |       255 |       255 |       255 |
| 38781 | Sympathetic Minion III                   |          1 |          6 |       383 |                 50 |       138 |                  0 |       348 |                 10 |      255 |      255 |      255 |      255 |      255 |      255 |      255 |      255 |      255 |       255 |       255 |       255 |       255 |
| 38855 | Sympathetic Hand of Soothing VII         |          1 |          6 |       383 |                100 |       138 |                  1 |       348 |                 10 |      255 |      255 |      255 |      255 |      255 |      255 |      255 |      255 |      255 |       255 |       255 |       255 |       255 |
| 38856 | Sympathetic Hand of Soothing VIII        |          1 |          6 |       383 |                100 |       138 |                  1 |       348 |                 10 |      255 |      255 |      255 |      255 |      255 |      255 |      255 |      255 |      255 |       255 |       255 |       255 |       255 |
| 38857 | Sympathetic Hand of Soothing IX          |          1 |          6 |       383 |                100 |       138 |                  1 |       348 |                 10 |      255 |      255 |      255 |      255 |      255 |      255 |      255 |      255 |      255 |       255 |       255 |       255 |       255 |
| 38858 | Sympathetic Hand of Soothing X           |          1 |          6 |       383 |                100 |       138 |                  1 |       348 |                 10 |      255 |      255 |      255 |      255 |      255 |      255 |      255 |      255 |      255 |       255 |       255 |       255 |       255 |
| 39451 | Companion's Strike I                     |          0 |          5 |        10 |                  0 |         0 |              -4500 |       254 |                  0 |      255 |      255 |      255 |      255 |      255 |      255 |      255 |      255 |      255 |       255 |       255 |       255 |       255 |
| 39454 | Companion's Strike II                    |          0 |          5 |        10 |                  0 |         0 |              -5625 |       254 |                  0 |      255 |      255 |      255 |      255 |      255 |      255 |      255 |      255 |      255 |       255 |       255 |       255 |       255 |
| 39457 | Companion's Strike III                   |          0 |          5 |        10 |                  0 |         0 |              -6000 |       254 |                  0 |      255 |      255 |      255 |      255 |      255 |      255 |      255 |      255 |      255 |       255 |       255 |       255 |       255 |
| 39460 | Companion's Strike IV                    |          0 |          5 |        10 |                  0 |         0 |              -7500 |       254 |                  0 |      255 |      255 |      255 |      255 |      255 |      255 |      255 |      255 |      255 |       255 |       255 |       255 |       255 |
| 39612 | Sympathetic Force of Corruption VII      |          1 |          6 |       383 |                100 |       138 |                  0 |       348 |                 10 |      255 |      255 |      255 |      255 |      255 |      255 |      255 |      255 |      255 |       255 |       255 |       255 |       255 |
| 39614 | Sympathetic Healing Burst VII            |          1 |          6 |       383 |                100 |       138 |                  0 |       348 |                 10 |      255 |      255 |      255 |      255 |      255 |      255 |      255 |      255 |      255 |       255 |       255 |       255 |       255 |
| 39901 | Water Elemental Strike IX                |          0 |          5 |         0 |               -448 |       254 |                  0 |       254 |                  0 |      255 |      255 |      255 |      255 |      255 |      255 |      255 |      255 |      255 |       255 |       255 |       255 |       255 |
| 40061 | Reverent Strike II                       |          0 |          5 |         0 |              -5285 |         0 |              -3524 |         0 |              -1762 |      255 |      255 |      255 |      255 |      255 |      255 |      255 |      255 |      255 |       255 |       255 |       255 |       255 |
| 40062 | Reverent Strike III                      |          0 |          5 |         0 |              -5549 |         0 |              -3700 |         0 |              -1850 |      255 |      255 |      255 |      255 |      255 |      255 |      255 |      255 |      255 |       255 |       255 |       255 |       255 |
| 40100 | Blunted Strike II                        |          0 |          5 |        21 |               1000 |         0 |              -4067 |       254 |                  0 |      255 |      255 |       99 |      255 |      255 |      255 |      255 |      255 |      255 |       255 |       255 |       255 |       255 |
| 40101 | Blunted Strike III                       |          0 |          5 |        21 |               1000 |         0 |              -4270 |       254 |                  0 |      255 |      255 |       99 |      255 |      255 |      255 |      255 |      255 |      255 |       255 |       255 |       255 |       255 |
| 40140 | Mental Terror Strike II                  |          0 |          5 |         0 |               -264 |       254 |                  0 |       254 |                  0 |      255 |      255 |      255 |      255 |      255 |      255 |      255 |      255 |      255 |       255 |       255 |       255 |       255 |
| 40141 | Mental Terror Strike III                 |          0 |          5 |         0 |               -277 |       254 |                  0 |       254 |                  0 |      255 |      255 |      255 |      255 |      255 |      255 |      255 |      255 |      255 |       255 |       255 |       255 |       255 |
| 40243 | Technique of the Crimson Fist Strike II  |          0 |          5 |         0 |              -6279 |       457 |                125 |       254 |                  0 |      255 |      255 |      255 |      255 |      255 |      255 |      255 |      255 |      255 |       255 |       255 |       255 |       255 |
| 40244 | Technique of the Crimson Fist Strike III |          0 |          5 |         0 |              -6593 |       457 |                125 |       254 |                  0 |      255 |      255 |      255 |      255 |      255 |      255 |      255 |      255 |      255 |       255 |       255 |       255 |       255 |
| 40448 | Eminent Strike II                        |          0 |          5 |        79 |              -1116 |        47 |                -66 |        50 |                -66 |      255 |      255 |      255 |      255 |      255 |      255 |      255 |      255 |      255 |       255 |       255 |       255 |       255 |
| 40449 | Eminent Strike III                       |          0 |          5 |        79 |              -1172 |        47 |                -67 |        50 |                -67 |      255 |      255 |      255 |      255 |      255 |      255 |      255 |      255 |      255 |       255 |       255 |       255 |       255 |
| 40562 | Festering Rage Strike II                 |          0 |          5 |       193 |                240 |       193 |                240 |       340 |                 27 |      255 |      255 |      255 |      255 |      255 |      255 |      255 |      255 |      255 |       255 |       255 |       255 |       255 |
| 40563 | Festering Rage Strike III                |          0 |          5 |       193 |                246 |       193 |                246 |       340 |                 27 |      255 |      255 |      255 |      255 |      255 |      255 |      255 |      255 |      255 |       255 |       255 |       255 |       255 |
| 40568 | Phantom Assailant Strike II              |          0 |          5 |       193 |                 93 |       193 |                 93 |       254 |                  0 |      255 |      255 |      255 |      255 |      255 |      255 |      255 |      255 |      255 |       255 |       255 |       255 |       255 |
| 40569 | Phantom Assailant Strike III             |          0 |          5 |       193 |                 98 |       193 |                 98 |       254 |                  0 |      255 |      255 |      255 |      255 |      255 |      255 |      255 |      255 |      255 |       255 |       255 |       255 |       255 |
+-------+------------------------------------------+------------+------------+-----------+--------------------+-----------+--------------------+-----------+--------------------+----------+----------+----------+----------+----------+----------+----------+----------+----------+-----------+-----------+-----------+-----------+
+--------+-------------------------------------------------+------------+----------+-----------+------------+------------+-----------+------------+-------------+------------+-------------+-------------+------------+-------------+----------+----------+---------+---------+
| id     | Name                                            | proceffect | proctype | proclevel | proclevel2 | worneffect | wornlevel | wornlevel2 | focuseffect | focuslevel | focuslevel2 | clickeffect | clicklevel | clicklevel2 | reqlevel | reclevel | classes | slots   |
+--------+-------------------------------------------------+------------+----------+-----------+------------+------------+-----------+------------+-------------+------------+-------------+-------------+------------+-------------+----------+----------+---------+---------+
|  43954 | Sodkee's Sympathetic Stone                      |         -1 |        0 |         0 |          0 |         -1 |         0 |          0 |       21552 |          0 |           0 |          -1 |          0 |           0 |       80 |       85 |   32290 |   26624 |
|  43955 | Nra`Vruu's Sympathetic Stone                    |         -1 |        0 |         0 |          0 |         -1 |         0 |          0 |       21557 |          0 |           0 |          -1 |          0 |           0 |       80 |       85 |   32290 |   26624 |
|  43956 | SaNril's Sympathetic Stone                      |         -1 |        0 |         0 |          0 |         -1 |         0 |          0 |       21562 |          0 |           0 |          -1 |          0 |           0 |       80 |       85 |   32290 |   26624 |
|  43957 | Endunr's Sympathetic Stone                      |         -1 |        0 |         0 |          0 |         -1 |         0 |          0 |       21567 |          0 |           0 |          -1 |          0 |           0 |       80 |       85 |   32290 |   26624 |
|  43958 | Bragnar's Sympathetic Stone                     |         -1 |        0 |         0 |          0 |         -1 |         0 |          0 |       21572 |          0 |           0 |          -1 |          0 |           0 |       80 |       85 |   32290 |   26624 |
|  43959 | Donup's Sympathetic Stone                       |         -1 |        0 |         0 |          0 |         -1 |         0 |          0 |       21577 |          0 |           0 |          -1 |          0 |           0 |       80 |       85 |   32290 |   26624 |
|  43960 | Teenta's Sympathetic Stone                      |         -1 |        0 |         0 |          0 |         -1 |         0 |          0 |       21580 |          0 |           0 |          -1 |          0 |           0 |       80 |       85 |   32290 |   26624 |
|  43961 | Berzok's Soothing Stone                         |         -1 |        0 |         0 |          0 |         -1 |         0 |          0 |       21602 |          0 |           0 |          -1 |          0 |           0 |       80 |       85 |   32290 |   26624 |
|  43962 | Ruga's Soothing Stone                           |         -1 |        0 |         0 |          0 |         -1 |         0 |          0 |       21607 |          0 |           0 |          -1 |          0 |           0 |       80 |       85 |   32290 |   26624 |
|  43965 | Urgak's Soothing Stone                          |         -1 |        0 |         0 |          0 |         -1 |         0 |          0 |       21617 |          0 |           0 |          -1 |          0 |           0 |       80 |       85 |   15360 |   26624 |
|  50910 | Rokyl's Channelling Crystal                     |         -1 |        0 |         0 |          0 |         -1 |         0 |          0 |       21551 |          0 |           0 |        6362 |          0 |           0 |       80 |       85 |   15488 |   16384 |
|  50916 | Staff of Writhing                               |      23872 |        0 |         0 |          0 |         -1 |         0 |          0 |       21561 |          0 |           0 |          -1 |          0 |           0 |       80 |       85 |   15488 |   24576 |
|  54894 | Staff of the Patriarch                          |      23777 |        0 |         0 |          0 |         -1 |         0 |          0 |       21561 |          0 |           0 |          -1 |          0 |           0 |       80 |       85 |   15906 |    8192 |
|  54903 | Mithril Frog Totem                              |         -1 |        0 |         0 |          0 |         -1 |         0 |          0 |       21601 |          0 |           0 |        3713 |          0 |           0 |       80 |       85 |     674 |    8192 |
|  54904 | Black Tome with Silver Runes                    |         -1 |        0 |         0 |          0 |         -1 |         0 |          0 |       21551 |          0 |           0 |        3713 |          0 |           0 |       80 |       85 |   15360 |    8192 |
|  54927 | Bow of Avanish Ornament                         |         -1 |        0 |         0 |          0 |         -1 |         0 |          0 |       24470 |          0 |           0 |          -1 |          0 |           0 |        0 |        0 |   65535 |    2048 |
|  54991 | Bow of the Emerald Dragon Ornament              |         -1 |        0 |         0 |          0 |         -1 |         0 |          0 |       24509 |          0 |           0 |          -1 |          0 |           0 |        0 |        0 |   65535 |    2048 |
|  60433 | Kranigan's Pulverizer                           |       6355 |        0 |         0 |          0 |         -1 |         0 |          0 |       21617 |          0 |           0 |          -1 |          0 |           0 |       80 |       85 |   15906 |    8192 |
|  60953 | Bow of the Vermillion Dragon Ornament           |         -1 |        0 |         0 |          0 |         -1 |         0 |          0 |       24483 |          0 |           0 |          -1 |          0 |           0 |        0 |        0 |   65535 |    2048 |
|  62930 | Bloodruned Mallet                               |      24334 |        0 |         0 |          0 |         -1 |         0 |          0 |       24462 |          0 |           0 |          -1 |          0 |           0 |       85 |       90 |     546 |    8192 |
|  62931 | Barbarian Hunting Spear                         |      23714 |        0 |         0 |          0 |         -1 |         0 |          0 |       24477 |          0 |           0 |          -1 |          0 |           0 |       85 |       90 |     512 |    8192 |
|  62932 | Ice Crystal Staff                               |      23714 |        0 |         0 |          0 |         -1 |         0 |          0 |       24462 |          0 |           0 |          -1 |          0 |           0 |       85 |       90 |   15488 |   24576 |
|  62937 | Staff of Ankexfen                               |      23717 |        0 |         0 |          0 |         -1 |         0 |          0 |       24480 |          0 |           0 |          -1 |          0 |           0 |       85 |       90 |   15360 |    8192 |
|  62998 | Warhammer of Divine Grace                       |      23756 |        0 |         0 |          0 |         -1 |         0 |          0 |       24464 |          0 |           0 |          -1 |          0 |           0 |       85 |        0 |       2 |    8192 |
|  64566 | Guard of the Fallen Dragon Ornament             |         -1 |        0 |         0 |          0 |         -1 |         0 |          0 |       24547 |          0 |           0 |          -1 |          0 |           0 |        0 |        0 |   65535 |   16384 |
|  64567 | Bow of the Fallen Dragon Ornament               |         -1 |        0 |         0 |          0 |         -1 |         0 |          0 |       24547 |          0 |           0 |          -1 |          0 |           0 |        0 |        0 |   65535 |    2048 |
|  75899 | Orb of the Crimson Bull                         |         -1 |        0 |         0 |          0 |      20514 |         0 |          0 |       24465 |          0 |           0 |       33114 |          0 |           0 |       95 |        0 |   15906 |   26624 |
|  75927 | Silver Dagger of Destruction                    |      23717 |        0 |         0 |          0 |         -1 |         0 |          0 |       24465 |          0 |           0 |          -1 |          0 |           0 |       95 |        0 |   15360 |   10240 |
|  75929 | Staff of the Silent Star                        |      23737 |        0 |         0 |          0 |         -1 |         0 |          0 |       24465 |          0 |           0 |          -1 |          0 |           0 |       95 |        0 |   32201 |    8192 |
|  75931 | Blackstar, Mace of Night                        |      24337 |        0 |         0 |          0 |         -1 |         0 |          0 |       33416 |          0 |           0 |          -1 |          0 |           0 |       95 |        0 |       2 |    8192 |
|  75934 | Sprinkler of the Spirits                        |      20739 |        0 |         0 |          0 |         -1 |         0 |          0 |       33416 |          0 |           0 |          -1 |          0 |           0 |       95 |        0 |     546 |    8192 |
|  75955 | Jansan's Shield of Crafting                     |         -1 |        0 |         0 |          0 |         -1 |         0 |          0 |       24441 |          0 |           0 |          -1 |          0 |           0 |       95 |        0 |     546 |   16384 |
|  81786 | Sacrifical Dagger                               |      23856 |        0 |         0 |          0 |         -1 |         0 |          0 |       24464 |          0 |           0 |          -1 |          0 |           0 |       90 |       95 |   15360 |    8192 |
|  81788 | Gem-Encrusted Scepter                           |      23716 |        0 |         0 |          0 |         -1 |         0 |          0 |       33415 |          0 |           0 |          -1 |          0 |           0 |       90 |       95 |     546 |    8192 |
|  81793 | Staff of Writhing                               |      33271 |        0 |         0 |          0 |         -1 |         0 |          0 |       24414 |          0 |           0 |          -1 |          0 |           0 |       90 |       95 |   15360 |    8192 |
|  81800 | Blight, Hammer of the Scourge                   |      38693 |        0 |         0 |          0 |         -1 |         0 |          0 |       24404 |          0 |           0 |          -1 |          0 |           0 |       90 |       95 |     512 |    8192 |
|  81801 | Gold Plated Koshigatana                         |       5364 |        0 |         0 |          0 |         -1 |         0 |          0 |       24424 |          0 |           0 |          -1 |          0 |           0 |       90 |       95 |   15769 |   24576 |
|  81802 | Hierophant`s Crook                              |       5346 |        0 |         0 |          0 |         -1 |         0 |          0 |       24352 |          0 |           0 |          -1 |          0 |           0 |       90 |       95 |      32 |    8192 |
|  85199 | Warped Baton                                    |      23756 |        0 |         0 |          0 |         -1 |         0 |          0 |       24464 |          0 |           0 |          -1 |          0 |           0 |      100 |        0 |   15360 |    8192 |
|  85200 | Mace of Regression                              |      23896 |        0 |         0 |          0 |         -1 |         0 |          0 |       33415 |          0 |           0 |          -1 |          0 |           0 |      100 |        0 |     546 |    8192 |
|  85202 | Ethermasher Maul                                |      24339 |        0 |         0 |          0 |         -1 |         0 |          0 |       24352 |          0 |           0 |          -1 |          0 |           0 |      100 |        0 |     546 |    8192 |
|  85204 | Ethercharged Quarterstaff                       |      23739 |        0 |         0 |          0 |         -1 |         0 |          0 |       24352 |          0 |           0 |          -1 |          0 |           0 |      100 |        0 |   15360 |    8192 |
|  86160 | The Heart of Narikor                            |         -1 |        0 |         0 |          0 |         -1 |         0 |          0 |       39612 |          0 |           0 |          -1 |          0 |           0 |      100 |        0 |   15906 |   24576 |
|  86161 | Left Eye of Gyrup                               |         -1 |        0 |         0 |          0 |         -1 |         0 |          0 |       39614 |          0 |           0 |          -1 |          0 |           0 |      100 |        0 |   15906 |   24576 |
|  86171 | The Heart of Narikor                            |         -1 |        0 |         0 |          0 |         -1 |         0 |          0 |       39612 |          0 |           0 |          -1 |          0 |           0 |      100 |        0 |   15906 |   24576 |
|  86172 | Left Eye of Gyrup                               |         -1 |        0 |         0 |          0 |         -1 |         0 |          0 |       39614 |          0 |           0 |          -1 |          0 |           0 |      100 |        0 |   15906 |   24576 |
|  87144 | Katargo, Star of Abrogation                     |      38849 |        0 |         0 |          0 |         -1 |         0 |          0 |       33418 |          0 |           0 |          -1 |          0 |           0 |      100 |        0 |     546 |    8192 |
|  87145 | Tarachi, Spellblade of Pandemonium              |      23819 |        0 |         0 |          0 |         -1 |         0 |          0 |       24467 |          0 |           0 |          -1 |          0 |           0 |      100 |        0 |   15360 |    8192 |
|  87148 | Olethros, Runestaff of Calamity                 |      33235 |        0 |         0 |          0 |         -1 |         0 |          0 |       33333 |          0 |           0 |          -1 |          0 |           0 |      100 |        0 |   15360 |    8192 |
|  87995 | Lifeborn Wand of Light                          |      38848 |        0 |         0 |          0 |         -1 |         0 |          0 |       33417 |          0 |           0 |          -1 |          0 |           0 |      100 |        0 |     546 |    8192 |
|  87996 | Battlecharged Blade                             |      23818 |        0 |         0 |          0 |         -1 |         0 |          0 |       24466 |          0 |           0 |          -1 |          0 |           0 |      100 |        0 |   15360 |    8192 |
|  90491 | Hammer of Reverence                             |      40060 |        0 |         0 |          0 |         -1 |         0 |          0 |       24443 |          0 |           0 |          -1 |          0 |           0 |       88 |        0 |       2 |    8192 |
|  90492 | Hammer of Reverence II                          |      40061 |        0 |         0 |          0 |         -1 |         0 |          0 |       33362 |          0 |           0 |          -1 |          0 |           0 |       88 |        0 |       2 |    8192 |
|  90493 | Hammer of Reverence III                         |      40062 |        0 |         0 |          0 |         -1 |         0 |          0 |       33364 |          0 |           0 |          -1 |          0 |           0 |       88 |        0 |       2 |    8192 |
|  90865 | Heroic Golem Heart                              |         -1 |        0 |         0 |          0 |         -1 |         0 |          0 |       21553 |          0 |           0 |          -1 |          0 |           0 |       85 |        0 |   65535 |    8192 |
|  90866 | Heroic Gem of the Leviathan                     |         -1 |        0 |         0 |          0 |         -1 |         0 |          0 |       21618 |          0 |           0 |          -1 |          0 |           0 |       85 |        0 |   65535 |    8192 |
|  93855 | Heroic Darkdreamer's Rod                        |      23793 |        0 |         0 |          0 |         -1 |         0 |          0 |       24461 |          0 |           0 |          -1 |          0 |           0 |       80 |       85 |   15360 |    8192 |
|  93856 | Heroic Scarlet Rod                              |      23791 |        0 |         0 |          0 |         -1 |         0 |          0 |       20249 |          0 |           0 |          -1 |          0 |           0 |       80 |       85 |     546 |    8192 |
|  93898 | Castus                                          |      24338 |        0 |         0 |          0 |         -1 |         0 |          0 |       33416 |          0 |           0 |          -1 |          0 |           0 |      100 |        0 |     546 |    8192 |
|  93899 | Peremo                                          |      23818 |        0 |         0 |          0 |         -1 |         0 |          0 |       24466 |          0 |           0 |          -1 |          0 |           0 |      100 |        0 |   15360 |    8192 |
|  93902 | Bruma                                           |      33239 |        0 |         0 |          0 |         -1 |         0 |          0 |       33337 |          0 |           0 |          -1 |          0 |           0 |      100 |        0 |   15360 |    8192 |
|  94405 | Deadstone Chunk                                 |         -1 |        0 |         0 |          0 |         -1 |         0 |          0 |       24428 |          0 |           0 |          -1 |          0 |           0 |      100 |        0 |   15906 |   24576 |
|  94406 | Bladesinger's Heart                             |         -1 |        0 |         0 |          0 |         -1 |         0 |          0 |       24441 |          0 |           0 |          -1 |          0 |           0 |      100 |        0 |   15906 |   24576 |
|  94407 | Sigil of the Dark Soul                          |         -1 |        0 |         0 |          0 |         -1 |         0 |          0 |       38613 |          0 |           0 |          -1 |          0 |           0 |      100 |        0 |   15906 |   24576 |
|  94408 | Cadaverous Hunk of Infected Flesh               |         -1 |        0 |         0 |          0 |         -1 |         0 |          0 |       24532 |          0 |           0 |          -1 |          0 |           0 |      100 |        0 |   15906 |   24576 |
|  94426 | Royal Bixie Scepter                             |      24337 |        0 |         0 |          0 |         -1 |         0 |          0 |       33416 |          0 |           0 |          -1 |          0 |           0 |      100 |        0 |     546 |    8192 |
|  94427 | Ethereal Scepter                                |      38847 |        0 |         0 |          0 |         -1 |         0 |          0 |       38613 |          0 |           0 |          -1 |          0 |           0 |      100 |        0 |     546 |    8192 |
|  94428 | Emerald-Encrusted Club                          |      23817 |        0 |         0 |          0 |         -1 |         0 |          0 |       24465 |          0 |           0 |          -1 |          0 |           0 |      100 |        0 |   15360 |    8192 |
|  94433 | Guardsman's Battle Club                         |      38847 |        0 |         0 |          0 |         -1 |         0 |          0 |       33326 |          0 |           0 |          -1 |          0 |           0 |      100 |        0 |     546 |    8192 |
|  94434 | Plundered Sceptre of the Court                  |      33248 |        0 |         0 |          0 |         -1 |         0 |          0 |       33346 |          0 |           0 |          -1 |          0 |           0 |      100 |        0 |   15360 |    8192 |
|  94801 | Mace of Dire Straits                            |      24338 |        0 |         0 |          0 |         -1 |         0 |          0 |       33416 |          0 |           0 |          -1 |          0 |           0 |      100 |        0 |     546 |    8192 |
|  94802 | Holy Rod of the Xulous                          |      38848 |        0 |         0 |          0 |         -1 |         0 |          0 |       38614 |          0 |           0 |          -1 |          0 |           0 |      100 |        0 |     546 |    8192 |
|  94803 | Royal Scepter of Thex                           |      23818 |        0 |         0 |          0 |         -1 |         0 |          0 |       24466 |          0 |           0 |          -1 |          0 |           0 |      100 |        0 |   15360 |    8192 |
|  94808 | Soulsavior's Blued Steelforce Crusher           |      38848 |        0 |         0 |          0 |         -1 |         0 |          0 |       33327 |          0 |           0 |          -1 |          0 |           0 |      100 |        0 |     546 |    8192 |
|  94809 | Wand of Wanton Disease                          |      33249 |        0 |         0 |          0 |         -1 |         0 |          0 |       33347 |          0 |           0 |          -1 |          0 |           0 |      100 |        0 |   15360 |    8192 |
|  94937 | Fine Silk Sash                                  |         -1 |        0 |         0 |          0 |         -1 |         0 |          0 |       24417 |          0 |           0 |       38875 |          0 |           0 |      100 |        0 |   15360 | 1048576 |
|  98605 | Token of Rot                                    |         -1 |        0 |         0 |          0 |         -1 |         0 |          0 |       24429 |          0 |           0 |          -1 |          0 |           0 |      100 |        0 |   15906 |   24576 |
|  98606 | Charred Heart                                   |         -1 |        0 |         0 |          0 |         -1 |         0 |          0 |       38614 |          0 |           0 |          -1 |          0 |           0 |      100 |        0 |   15906 |   24576 |
|  98607 | Exotic Gem                                      |         -1 |        0 |         0 |          0 |         -1 |         0 |          0 |       24403 |          0 |           0 |          -1 |          0 |           0 |      100 |        0 |   15906 |   24576 |
|  98608 | Elegant Gem                                     |         -1 |        0 |         0 |          0 |         -1 |         0 |          0 |       24548 |          0 |           0 |          -1 |          0 |           0 |      100 |        0 |   15906 |   24576 |
|  98626 | Scepter of the Fire Priest                      |      24565 |        0 |         0 |          0 |         -1 |         0 |          0 |       33416 |          0 |           0 |          -1 |          0 |           0 |      100 |        0 |     546 |    8192 |
|  98627 | Flame Keeper's Enforcer                         |      38848 |        0 |         0 |          0 |         -1 |         0 |          0 |       24403 |          0 |           0 |          -1 |          0 |           0 |      100 |        0 |     546 |    8192 |
|  98628 | Ritual Blade of Heretics                        |      23818 |        0 |         0 |          0 |         -1 |         0 |          0 |       24465 |          0 |           0 |          -1 |          0 |           0 |      100 |        0 |   15360 |    8192 |
|  98633 | Sledge of Sagacity                              |      38848 |        0 |         0 |          0 |         -1 |         0 |          0 |       33337 |          0 |           0 |          -1 |          0 |           0 |      100 |        0 |     546 |    8192 |
|  98634 | Firemage's Staff                                |      33234 |        0 |         0 |          0 |         -1 |         0 |          0 |       33332 |          0 |           0 |          -1 |          0 |           0 |      100 |        0 |   15360 |    8192 |
|  98856 | Oathbound Hammer                                |      39660 |        0 |         0 |          0 |         -1 |         0 |          0 |       24349 |          0 |           0 |          -1 |          0 |           0 |      100 |        0 |   32255 |   24576 |
|  98857 | Sword of the Sanative                           |      39661 |        0 |         0 |          0 |         -1 |         0 |          0 |       38612 |          0 |           0 |          -1 |          0 |           0 |      100 |        0 |     413 |   24576 |
|  99001 | Heartflame, Guide of the Sol`Dal                |      24566 |        0 |         0 |          0 |         -1 |         0 |          0 |       33417 |          0 |           0 |          -1 |          0 |           0 |      100 |        0 |     546 |    8192 |
|  99002 | Royal Adjudicator's Order Keeper                |      38849 |        0 |         0 |          0 |         -1 |         0 |          0 |       24404 |          0 |           0 |          -1 |          0 |           0 |      100 |        0 |     546 |    8192 |
|  99003 | Brilliant Sorcerer's Anelace                    |      23819 |        0 |         0 |          0 |         -1 |         0 |          0 |       24466 |          0 |           0 |          -1 |          0 |           0 |      100 |        0 |   15360 |    8192 |
|  99008 | Decorative Ecclesiastical Skullcrusher          |      38849 |        0 |         0 |          0 |         -1 |         0 |          0 |       33338 |          0 |           0 |          -1 |          0 |           0 |      100 |        0 |     546 |    8192 |
|  99009 | Staff of the First Light                        |      33235 |        0 |         0 |          0 |         -1 |         0 |          0 |       33333 |          0 |           0 |          -1 |          0 |           0 |      100 |        0 |   15360 |    8192 |
|  99137 | Gilded Hammer of Ro's Light                     |      39663 |        0 |         0 |          0 |         -1 |         0 |          0 |       24365 |          0 |           0 |          -1 |          0 |           0 |      100 |        0 |   65151 |    8192 |
| 102695 | Shield of the Dark Waters                       |      23899 |        0 |         0 |          0 |         -1 |         0 |          0 |       33358 |          0 |           0 |          -1 |          0 |           0 |      101 |      105 |   16861 |   16384 |
| 109243 | Thornscrape Barb                                |      23730 |        0 |         0 |          0 |         -1 |         0 |          0 |       24358 |          0 |           0 |          -1 |          0 |           0 |       80 |       85 |   15360 |    8192 |
| 109274 | Greken Goldstone                                |         -1 |        0 |         0 |          0 |         -1 |         0 |          0 |       21552 |          0 |           0 |          -1 |          0 |           0 |       80 |       85 |   15906 |   24576 |
| 109275 | Perfect Chillsphere                             |         -1 |        0 |         0 |          0 |         -1 |         0 |          0 |       21557 |          0 |           0 |          -1 |          0 |           0 |       80 |       85 |   15906 |   24576 |
| 109276 | Mithril Guardian Shard                          |         -1 |        0 |         0 |          0 |         -1 |         0 |          0 |       21562 |          0 |           0 |          -1 |          0 |           0 |       80 |       85 |   15906 |   24576 |
| 109315 | Distinguished Sunstrike Mace                    |       8413 |        0 |         0 |          0 |         -1 |         0 |          0 |       21601 |          0 |           0 |          -1 |          0 |           0 |       80 |       85 |       2 |    8192 |
| 109316 | Brilliant Sunstrike Mace                        |       8414 |        0 |         0 |          0 |         -1 |         0 |          0 |       21602 |          0 |           0 |          -1 |          0 |           0 |       80 |       85 |       2 |    8192 |
| 109318 | Renowned Sunstrike Mace                         |       8414 |        0 |         0 |          0 |         -1 |         0 |          0 |       21602 |          0 |           0 |          -1 |          0 |           0 |       80 |       85 |       2 |    8192 |
| 109319 | Immortal Sunstrike Mace                         |       8414 |        0 |         0 |          0 |         -1 |         0 |          0 |       21603 |          0 |           0 |          -1 |          0 |           0 |       80 |       85 |       2 |    8192 |
| 109325 | Chilly Sword of Glacial Power                   |      23929 |        0 |         0 |          0 |         -1 |         0 |          0 |       21606 |          0 |           0 |          -1 |          0 |           0 |       80 |       85 |       8 |   24576 |
| 109326 | Frigid Sword of Glacial Power                   |      23929 |        0 |         0 |          0 |         -1 |         0 |          0 |       21607 |          0 |           0 |          -1 |          0 |           0 |       80 |       85 |       8 |   24576 |
| 109327 | Freezing Sword of Glacial Power                 |      23929 |        0 |         0 |          0 |         -1 |         0 |          0 |       21607 |          0 |           0 |          -1 |          0 |           0 |       80 |       85 |       8 |   24576 |
| 109328 | Frozen Sword of Glacial Power                   |      23930 |        0 |         0 |          0 |         -1 |         0 |          0 |       21607 |          0 |           0 |          -1 |          0 |           0 |       80 |       85 |       8 |   24576 |
| 109329 | Arctic Sword of Glacial Power                   |      23930 |        0 |         0 |          0 |         -1 |         0 |          0 |       21608 |          0 |           0 |          -1 |          0 |           0 |       80 |       85 |       8 |   24576 |
| 109330 | Malicious Sword of Screaming Souls              |      23850 |        0 |         0 |          0 |         -1 |         0 |          0 |       21602 |          0 |           0 |          -1 |          0 |           0 |       80 |       85 |      16 |    8192 |
| 109331 | Loathsome Sword of Screaming Souls              |      23851 |        0 |         0 |          0 |         -1 |         0 |          0 |       21603 |          0 |           0 |          -1 |          0 |           0 |       80 |       85 |      16 |    8192 |
| 109332 | Corrupt Sword of Screaming Souls                |      23851 |        0 |         0 |          0 |         -1 |         0 |          0 |       21603 |          0 |           0 |          -1 |          0 |           0 |       80 |       85 |      16 |    8192 |
| 109333 | Wicked Sword of Screaming Souls                 |      23851 |        0 |         0 |          0 |         -1 |         0 |          0 |       21603 |          0 |           0 |          -1 |          0 |           0 |       80 |       85 |      16 |    8192 |
| 109334 | Vile Sword of Screaming Souls                   |      23852 |        0 |         0 |          0 |         -1 |         0 |          0 |       21604 |          0 |           0 |          -1 |          0 |           0 |       80 |       85 |      16 |    8192 |
| 109355 | Fate-Touched Spear of the Mystic                |      23772 |        0 |         0 |          0 |         -1 |         0 |          0 |       21616 |          0 |           0 |          -1 |          0 |           0 |       80 |       85 |     512 |    8192 |
| 109356 | Fate-Touched Spear of the Luminary              |      23772 |        0 |         0 |          0 |         -1 |         0 |          0 |       21616 |          0 |           0 |          -1 |          0 |           0 |       80 |       85 |     512 |    8192 |
| 109357 | Fate-Touched Spear of the Oracle                |      23772 |        0 |         0 |          0 |         -1 |         0 |          0 |       21616 |          0 |           0 |          -1 |          0 |           0 |       80 |       85 |     512 |    8192 |
| 109358 | Fate-Touched Spear of the Prophet               |      23773 |        0 |         0 |          0 |         -1 |         0 |          0 |       21616 |          0 |           0 |          -1 |          0 |           0 |       80 |       85 |     512 |    8192 |
| 109359 | Fate-Touched Spear of the Spiritwalker          |      23773 |        0 |         0 |          0 |         -1 |         0 |          0 |       21617 |          0 |           0 |          -1 |          0 |           0 |       80 |       85 |     512 |    8192 |
| 109360 | Heretic's Blade of Aphotic Rites                |      23853 |        0 |         0 |          0 |         -1 |         0 |          0 |       21571 |          0 |           0 |          -1 |          0 |           0 |       80 |       85 |    1024 |    8192 |
| 109361 | Defiler's Blade of Aphotic Rites                |      23853 |        0 |         0 |          0 |         -1 |         0 |          0 |       21572 |          0 |           0 |          -1 |          0 |           0 |       80 |       85 |    1024 |    8192 |
| 109362 | Warlock's Blade of Aphotic Rites                |      23853 |        0 |         0 |          0 |         -1 |         0 |          0 |       21572 |          0 |           0 |          -1 |          0 |           0 |       80 |       85 |    1024 |    8192 |
| 109363 | Wraith's Blade of Aphotic Rites                 |      23854 |        0 |         0 |          0 |         -1 |         0 |          0 |       21572 |          0 |           0 |          -1 |          0 |           0 |       80 |       85 |    1024 |    8192 |
| 109364 | Deathspeaker's Blade of Aphotic Rites           |      23854 |        0 |         0 |          0 |         -1 |         0 |          0 |       21573 |          0 |           0 |          -1 |          0 |           0 |       80 |       85 |    1024 |    8192 |
| 109365 | Incandescent Scepter of the Student Arcanist    |      23733 |        0 |         0 |          0 |         -1 |         0 |          0 |       21556 |          0 |           0 |          -1 |          0 |           0 |       80 |       85 |    2048 |    8192 |
| 109366 | Incandescent Scepter of the Apprentice Arcanist |      23733 |        0 |         0 |          0 |         -1 |         0 |          0 |       21557 |          0 |           0 |          -1 |          0 |           0 |       80 |       85 |    2048 |    8192 |
| 109367 | Incandescent Scepter of the Adept Arcanist      |      23733 |        0 |         0 |          0 |         -1 |         0 |          0 |       21557 |          0 |           0 |          -1 |          0 |           0 |       80 |       85 |    2048 |    8192 |
| 109368 | Incandescent Scepter of the Master Arcanist     |      23734 |        0 |         0 |          0 |         -1 |         0 |          0 |       21557 |          0 |           0 |          -1 |          0 |           0 |       80 |       85 |    2048 |    8192 |
| 109369 | Incandescent Scepter of the Eternal Arcanist    |      23734 |        0 |         0 |          0 |         -1 |         0 |          0 |       21558 |          0 |           0 |          -1 |          0 |           0 |       80 |       85 |    2048 |    8192 |
| 109370 | Faded Orb of the Magus                          |      23713 |        0 |         0 |          0 |         -1 |         0 |          0 |       13397 |          0 |           0 |          -1 |          0 |           0 |       80 |       85 |    4096 |    8192 |
| 109371 | Glowing Orb of the Magus                        |      23713 |        0 |         0 |          0 |         -1 |         0 |          0 |       13397 |          0 |           0 |          -1 |          0 |           0 |       80 |       85 |    4096 |    8192 |
| 109372 | Splendid Orb of the Magus                       |      23713 |        0 |         0 |          0 |         -1 |         0 |          0 |       13397 |          0 |           0 |          -1 |          0 |           0 |       80 |       85 |    4096 |    8192 |
| 109373 | Brilliant Orb of the Magus                      |      23714 |        0 |         0 |          0 |         -1 |         0 |          0 |       13397 |          0 |           0 |          -1 |          0 |           0 |       80 |       85 |    4096 |    8192 |
| 109374 | Radiant Orb of the Arch Magus                   |      23714 |        0 |         0 |          0 |         -1 |         0 |          0 |       13397 |          0 |           0 |          -1 |          0 |           0 |       80 |       85 |    4096 |    8192 |
| 109375 | Illusionist's Staff of Second Sight             |      23713 |        0 |         0 |          0 |         -1 |         0 |          0 |       21616 |          0 |           0 |          -1 |          0 |           0 |       80 |       85 |    8192 |    8192 |
| 109376 | Beguiler's Staff of Second Sight                |      23713 |        0 |         0 |          0 |         -1 |         0 |          0 |       21617 |          0 |           0 |          -1 |          0 |           0 |       80 |       85 |    8192 |    8192 |
| 109377 | Phantasmist's Staff of Second Sight             |      23713 |        0 |         0 |          0 |         -1 |         0 |          0 |       21617 |          0 |           0 |          -1 |          0 |           0 |       80 |       85 |    8192 |    8192 |
| 109378 | Visionary's Staff of Second Sight               |      23714 |        0 |         0 |          0 |         -1 |         0 |          0 |       21617 |          0 |           0 |          -1 |          0 |           0 |       80 |       85 |    8192 |    8192 |
| 109379 | Enigma's Staff of Second Sight                  |      23714 |        0 |         0 |          0 |         -1 |         0 |          0 |       21618 |          0 |           0 |          -1 |          0 |           0 |       80 |       85 |    8192 |    8192 |
| 109380 | Subhuman Ripslice Claws                         |      23748 |        0 |         0 |          0 |         -1 |         0 |          0 |       21606 |          0 |           0 |          -1 |          0 |           0 |       80 |       85 |   16384 |    8192 |
| 109381 | Animalic Ripslice Claws                         |      23749 |        0 |         0 |          0 |         -1 |         0 |          0 |       21607 |          0 |           0 |          -1 |          0 |           0 |       80 |       85 |   16384 |    8192 |
| 109382 | Brutal Ripslice Claws                           |      23749 |        0 |         0 |          0 |         -1 |         0 |          0 |       21607 |          0 |           0 |          -1 |          0 |           0 |       80 |       85 |   16384 |    8192 |
| 109383 | Carnal Ripslice Claws                           |      23749 |        0 |         0 |          0 |         -1 |         0 |          0 |       21607 |          0 |           0 |          -1 |          0 |           0 |       80 |       85 |   16384 |    8192 |
| 109384 | Bestial Ripslice Claws                          |      23750 |        0 |         0 |          0 |         -1 |         0 |          0 |       21608 |          0 |           0 |          -1 |          0 |           0 |       80 |       85 |   16384 |    8192 |
| 109743 | Snapjaw Fang                                    |      23754 |        0 |         0 |          0 |         -1 |         0 |          0 |       24371 |          0 |           0 |          -1 |          0 |           0 |       83 |       85 |   15360 |    8192 |
| 109749 | Hive Nurse's Corrector                          |      23755 |        0 |         0 |          0 |         -1 |         0 |          0 |       20249 |          0 |           0 |          -1 |          0 |           0 |       83 |       85 |     546 |    8192 |
| 109774 | Red Gold Sphere                                 |         -1 |        0 |         0 |          0 |         -1 |         0 |          0 |       21552 |          0 |           0 |          -1 |          0 |           0 |       83 |       85 |   15906 |   24576 |
| 109775 | Thrumming Essence                               |         -1 |        0 |         0 |          0 |         -1 |         0 |          0 |       21607 |          0 |           0 |          -1 |          0 |           0 |       83 |       85 |   15906 |   24576 |
| 109776 | Sessiloid Pneumostellate                        |         -1 |        0 |         0 |          0 |         -1 |         0 |          0 |       21567 |          0 |           0 |          -1 |          0 |           0 |       83 |       85 |   15906 |   24576 |
| 110243 | Mad Mephit's Blade                              |      23713 |        0 |         0 |          0 |         -1 |         0 |          0 |       24345 |          0 |           0 |          -1 |          0 |           0 |       85 |        0 |   15360 |    8192 |
| 110249 | Backdigging Martel                              |      23773 |        0 |         0 |          0 |         -1 |         0 |          0 |       20249 |          0 |           0 |          -1 |          0 |           0 |       85 |        0 |     546 |    8192 |
| 110274 | Transcendent Fungus                             |         -1 |        0 |         0 |          0 |         -1 |         0 |          0 |       21618 |          0 |           0 |          -1 |          0 |           0 |       85 |        0 |   15906 |   24576 |
| 110275 | Centurian Bloodmage Gem                         |         -1 |        0 |         0 |          0 |         -1 |         0 |          0 |       21608 |          0 |           0 |          -1 |          0 |           0 |       85 |        0 |   15906 |   24576 |
| 110276 | Shard of Power                                  |         -1 |        0 |         0 |          0 |         -1 |         0 |          0 |       21603 |          0 |           0 |          -1 |          0 |           0 |       85 |        0 |   15906 |   24576 |
| 110294 | High Priest War Staff                           |      23716 |        0 |         0 |          0 |         -1 |         0 |          0 |       20249 |          0 |           0 |          -1 |          0 |           0 |       85 |        0 |       2 |    8192 |
| 110295 | Deathspike Spear                                |      23776 |        0 |         0 |          0 |         -1 |         0 |          0 |       21608 |          0 |           0 |          -1 |          0 |           0 |       85 |        0 |     512 |    8192 |
| 110743 | Silencer                                        |      23793 |        0 |         0 |          0 |         -1 |         0 |          0 |       24397 |          0 |           0 |          -1 |          0 |           0 |       85 |        0 |   15360 |    8192 |
| 110749 | Unholy Deepwater Maul                           |      23793 |        0 |         0 |          0 |         -1 |         0 |          0 |       20249 |          0 |           0 |          -1 |          0 |           0 |       85 |        0 |     546 |    8192 |
| 110774 | Living Golem Heart                              |         -1 |        0 |         0 |          0 |         -1 |         0 |          0 |       21553 |          0 |           0 |          -1 |          0 |           0 |       85 |        0 |   15906 |   24576 |
| 110775 | Mana-Etched Gear                                |         -1 |        0 |         0 |          0 |         -1 |         0 |          0 |       21573 |          0 |           0 |          -1 |          0 |           0 |       85 |        0 |   15906 |   24576 |
| 110776 | Darkened Gem of the Leviathan                   |         -1 |        0 |         0 |          0 |         -1 |         0 |          0 |       21618 |          0 |           0 |          -1 |          0 |           0 |       85 |        0 |   15906 |   24576 |
| 110791 | Martel of the Clumsy                            |      23794 |        0 |         0 |          0 |         -1 |         0 |          0 |       20249 |          0 |           0 |          -1 |          0 |           0 |       85 |        0 |     546 |    8192 |
| 111218 | Scepter of the War Priest                       |      23734 |        0 |         0 |          0 |         -1 |         0 |          0 |       20249 |          0 |           0 |          -1 |          0 |           0 |       85 |        0 |     546 |    8192 |
| 111224 | Gleaming Cliknar Pincer                         |      23734 |        0 |         0 |          0 |         -1 |         0 |          0 |       24359 |          0 |           0 |          -1 |          0 |           0 |       85 |        0 |   15360 |    8192 |
| 111518 | Martel of Unwavering Resolve                    |      23714 |        0 |         0 |          0 |         -1 |         0 |          0 |       20599 |          0 |           0 |          -1 |          0 |           0 |       85 |        0 |     546 |    8192 |
| 111524 | Kris of Failed Creation                         |      23714 |        0 |         0 |          0 |         -1 |         0 |          0 |       24346 |          0 |           0 |          -1 |          0 |           0 |       85 |        0 |   15360 |    8192 |
| 111818 | Darkheart the Unstable                          |      23794 |        0 |         0 |          0 |         -1 |         0 |          0 |       20599 |          0 |           0 |          -1 |          0 |           0 |       85 |        0 |     546 |    8192 |
| 111824 | Creation's Destruction                          |      23794 |        0 |         0 |          0 |         -1 |         0 |          0 |       24398 |          0 |           0 |          -1 |          0 |           0 |       85 |        0 |   15360 |    8192 |
| 111869 | Holy Heart of the Underfoot Mace                |      23734 |        0 |         0 |          0 |         -1 |         0 |          0 |       20599 |          0 |           0 |          -1 |          0 |           0 |       85 |        0 |     546 |    8192 |
| 117106 | Dreadstone Templar's Scepter                    |       8414 |        0 |         0 |          0 |         -1 |         0 |          0 |       33416 |          0 |           0 |          -1 |          0 |           0 |      100 |        0 |       2 |    8192 |
| 117107 | Dreadstone Crusader's Hammer                    |      23916 |        0 |         0 |          0 |         -1 |         0 |          0 |       38612 |          0 |           0 |          -1 |          0 |           0 |      100 |        0 |       4 |    8192 |
| 117108 | Dreadstone Huntsman's Axe                       |      23714 |        0 |         0 |          0 |         -1 |         0 |          0 |       24347 |          0 |           0 |          -1 |          0 |           0 |      100 |        0 |       8 |   24576 |
| 117109 | Dreadstone Life Reaver                          |      23856 |        0 |         0 |          0 |         -1 |         0 |          0 |       24427 |          0 |           0 |          -1 |          0 |           0 |      100 |        0 |      16 |    8192 |
| 117110 | Dreadstone Warden's Scimitar                    |      23737 |        0 |         0 |          0 |         -1 |         0 |          0 |       38613 |          0 |           0 |          -1 |          0 |           0 |      100 |        0 |      32 |    8192 |
| 117114 | Dreadstone Mystic Spear                         |      23777 |        0 |         0 |          0 |         -1 |         0 |          0 |       38613 |          0 |           0 |          -1 |          0 |           0 |      100 |        0 |     512 |    8192 |
| 117115 | Dreadstone Defiled Dagger                       |      23797 |        0 |         0 |          0 |         -1 |         0 |          0 |       24415 |          0 |           0 |          -1 |          0 |           0 |      100 |        0 |    1024 |    8192 |
| 117116 | Dreadstone Evoker's Staff                       |      23757 |        0 |         0 |          0 |         -1 |         0 |          0 |       24363 |          0 |           0 |          -1 |          0 |           0 |      100 |        0 |    2048 |    8192 |
| 117117 | Dreadstone Summoner's Orb                       |      23737 |        0 |         0 |          0 |         -1 |         0 |          0 |       38781 |          0 |           0 |          -1 |          0 |           0 |      100 |        0 |    4096 |    8192 |
| 117118 | Dreadstone Beguiler's Wand                      |      23717 |        0 |         0 |          0 |         -1 |         0 |          0 |       38613 |          0 |           0 |          -1 |          0 |           0 |      100 |        0 |    8192 |    8192 |
| 117119 | Dreadstone Primal Claws                         |      23754 |        0 |         0 |          0 |         -1 |         0 |          0 |       24386 |          0 |           0 |          -1 |          0 |           0 |      100 |        0 |   16384 |   24576 |
| 117123 | Gutripper                                       |       8414 |        0 |         0 |          0 |         -1 |         0 |          0 |       24428 |          0 |           0 |          -1 |          0 |           0 |      100 |        0 |     546 |    8192 |
| 117431 | Possessed Dreadstone Templar's Scepter          |      20739 |        0 |         0 |          0 |         -1 |         0 |          0 |       33417 |          0 |           0 |          -1 |          0 |           0 |      100 |        0 |       2 |    8192 |
| 117432 | Possessed Dreadstone Crusader's Hammer          |      23917 |        0 |         0 |          0 |         -1 |         0 |          0 |       38613 |          0 |           0 |          -1 |          0 |           0 |      100 |        0 |       4 |    8192 |
| 117433 | Possessed Dreadstone Huntsman's Axe             |      23715 |        0 |         0 |          0 |         -1 |         0 |          0 |       24348 |          0 |           0 |          -1 |          0 |           0 |      100 |        0 |       8 |   24576 |
| 117434 | Possessed Dreadstone Life Reaver                |      23857 |        0 |         0 |          0 |         -1 |         0 |          0 |       24428 |          0 |           0 |          -1 |          0 |           0 |      100 |        0 |      16 |    8192 |
| 117435 | Possessed Dreadstone Warden's Scimitar          |      23738 |        0 |         0 |          0 |         -1 |         0 |          0 |       38614 |          0 |           0 |          -1 |          0 |           0 |      100 |        0 |      32 |    8192 |
| 117439 | Possessed Dreadstone Mystic Spear               |      23778 |        0 |         0 |          0 |         -1 |         0 |          0 |       38614 |          0 |           0 |          -1 |          0 |           0 |      100 |        0 |     512 |    8192 |
| 117440 | Possessed Dreadstone Defiled Dagger             |      23798 |        0 |         0 |          0 |         -1 |         0 |          0 |       24416 |          0 |           0 |          -1 |          0 |           0 |      100 |        0 |    1024 |    8192 |
| 117441 | Possessed Dreadstone Evoker's Staff             |      23758 |        0 |         0 |          0 |         -1 |         0 |          0 |       24364 |          0 |           0 |          -1 |          0 |           0 |      100 |        0 |    2048 |    8192 |
| 117442 | Possessed Dreadstone Summoner's Orb             |      23738 |        0 |         0 |          0 |         -1 |         0 |          0 |       38779 |          0 |           0 |          -1 |          0 |           0 |      100 |        0 |    4096 |    8192 |
| 117443 | Possessed Dreadstone Beguiler's Wand            |      23718 |        0 |         0 |          0 |         -1 |         0 |          0 |       38614 |          0 |           0 |          -1 |          0 |           0 |      100 |        0 |    8192 |    8192 |
| 117444 | Possessed Dreadstone Primal Claws               |      23755 |        0 |         0 |          0 |         -1 |         0 |          0 |       24387 |          0 |           0 |          -1 |          0 |           0 |      100 |        0 |   16384 |   24576 |
| 117448 | Toba`o the Fearless                             |      20739 |        0 |         0 |          0 |         -1 |         0 |          0 |       24429 |          0 |           0 |          -1 |          0 |           0 |      100 |        0 |     546 |    8192 |
| 120105 | Acorn of Spite                                  |         -1 |        0 |         0 |          0 |         -1 |         0 |          0 |       24386 |          0 |           0 |          -1 |          0 |           0 |       80 |       85 |   15906 |   24576 |
| 120156 | Darkdreamer's Rod                               |      23793 |        0 |         0 |          0 |         -1 |         0 |          0 |       24461 |          0 |           0 |          -1 |          0 |           0 |       80 |       85 |   15360 |    8192 |
| 120158 | Intricate Scarlet Rod                           |      23791 |        0 |         0 |          0 |         -1 |         0 |          0 |       20249 |          0 |           0 |          -1 |          0 |           0 |       80 |       85 |     546 |    8192 |
| 120163 | Dagger of the Devoted                           |      23933 |        0 |         0 |          0 |         -1 |         0 |          0 |       24461 |          0 |           0 |          -1 |          0 |           0 |       80 |       85 |   15360 |    8192 |
| 120168 | Eclipse                                         |      23795 |        0 |         0 |          0 |         -1 |         0 |          0 |       24464 |          0 |           0 |          -1 |          0 |           0 |       80 |       85 |   15360 |    8192 |
| 120506 | Sap of Rejuvenation                             |         -1 |        0 |         0 |          0 |         -1 |         0 |          0 |       24438 |          0 |           0 |          -1 |          0 |           0 |       82 |       87 |   15906 |   24576 |
| 120507 | Unidentifiable Shard of Bone                    |         -1 |        0 |         0 |          0 |         -1 |         0 |          0 |       24462 |          0 |           0 |          -1 |          0 |           0 |       82 |       87 |   15906 |   24576 |
| 120558 | Wrathborn Natureblade                           |      23774 |        0 |         0 |          0 |         -1 |         0 |          0 |       24490 |          0 |           0 |          -1 |          0 |           0 |       82 |       87 |      32 |    8192 |
| 120559 | Stolen Spear of the Soothsayer                  |      23774 |        0 |         0 |          0 |         -1 |         0 |          0 |       24516 |          0 |           0 |          -1 |          0 |           0 |       82 |       87 |     512 |    8192 |
| 120560 | Runewand of Necropotence                        |      23774 |        0 |         0 |          0 |         -1 |         0 |          0 |       24529 |          0 |           0 |          -1 |          0 |           0 |       82 |       87 |    1024 |    8192 |
| 120561 | Elementalist Rod of Control                     |      23774 |        0 |         0 |          0 |         -1 |         0 |          0 |       24490 |          0 |           0 |          -1 |          0 |           0 |       82 |       87 |    4096 |    8192 |
| 120566 | Ethereal Focus Blade                            |      23774 |        0 |         0 |          0 |         -1 |         0 |          0 |       24490 |          0 |           0 |          -1 |          0 |           0 |       82 |       87 |    2048 |    8192 |
| 120567 | Alluring Ivory Dagger                           |      23774 |        0 |         0 |          0 |         -1 |         0 |          0 |       24477 |          0 |           0 |          -1 |          0 |           0 |       82 |       87 |    8192 |    8192 |
| 120572 | Gate Caller's Battlestaff                       |      23777 |        0 |         0 |          0 |         -1 |         0 |          0 |       24465 |          0 |           0 |          -1 |          0 |           0 |       82 |       87 |   15360 |    8192 |
| 120573 | Empyrean Scepter                                |      24333 |        0 |         0 |          0 |         -1 |         0 |          0 |       20249 |          0 |           0 |          -1 |          0 |           0 |       82 |       87 |     546 |    8192 |
| 120906 | Insania Stone                                   |         -1 |        0 |         0 |          0 |         -1 |         0 |          0 |       24451 |          0 |           0 |          -1 |          0 |           0 |       85 |       90 |   15906 |   24576 |
| 120907 | Spirit of the Gorgon                            |         -1 |        0 |         0 |          0 |         -1 |         0 |          0 |       24360 |          0 |           0 |          -1 |          0 |           0 |       85 |       90 |   15906 |   24576 |
| 120908 | Zykean's Iris                                   |         -1 |        0 |         0 |          0 |         -1 |         0 |          0 |       24529 |          0 |           0 |          -1 |          0 |           0 |       85 |       90 |   15906 |   24576 |
| 120954 | Scimitar of the Jungle                          |      24560 |        0 |         0 |          0 |         -1 |         0 |          0 |       20249 |          0 |           0 |          -1 |          0 |           0 |       85 |       90 |      32 |    8192 |
| 120957 | Hollowfield's Cudgel                            |      24560 |        0 |         0 |          0 |         -1 |         0 |          0 |       20249 |          0 |           0 |          -1 |          0 |           0 |       85 |       90 |       2 |    8192 |
| 120959 | Rod of Terror's Essence                         |      23934 |        0 |         0 |          0 |         -1 |         0 |          0 |       24462 |          0 |           0 |          -1 |          0 |           0 |       85 |       90 |   15360 |    8192 |
| 120964 | Spear of the Eagle Eye                          |      24560 |        0 |         0 |          0 |         -1 |         0 |          0 |       20249 |          0 |           0 |          -1 |          0 |           0 |       85 |       90 |     512 |    8192 |
| 120971 | Terror's Hammer                                 |      23937 |        0 |         0 |          0 |         -1 |         0 |          0 |       24465 |          0 |           0 |          -1 |          0 |           0 |       85 |       90 |   15360 |    8192 |
| 120972 | Darkfire Scepter                                |      23815 |        0 |         0 |          0 |         -1 |         0 |          0 |       20249 |          0 |           0 |          -1 |          0 |           0 |       85 |       90 |     546 |    8192 |
| 121305 | Bark of the Wilting Grove                       |         -1 |        0 |         0 |          0 |         -1 |         0 |          0 |       24463 |          0 |           0 |          -1 |          0 |           0 |       90 |        0 |   15906 |   24576 |
| 121306 | Conjurer's Orb                                  |         -1 |        0 |         0 |          0 |         -1 |         0 |          0 |       24412 |          0 |           0 |          -1 |          0 |           0 |       90 |        0 |   15906 |   24576 |
| 121354 | Scimitar of Seasons                             |      23714 |        0 |         0 |          0 |         -1 |         0 |          0 |       24490 |          0 |           0 |          -1 |          0 |           0 |       90 |        0 |      32 |    8192 |
| 121360 | Plaguescale Rod                                 |      23714 |        0 |         0 |          0 |         -1 |         0 |          0 |       24462 |          0 |           0 |          -1 |          0 |           0 |       90 |        0 |   15360 |    8192 |
| 121361 | Mace of Dark Dreams                             |      24333 |        0 |         0 |          0 |         -1 |         0 |          0 |       20249 |          0 |           0 |          -1 |          0 |           0 |       90 |        0 |     546 |    8192 |
| 121365 | Omander's Spiritfork                            |      23714 |        0 |         0 |          0 |         -1 |         0 |          0 |       24516 |          0 |           0 |          -1 |          0 |           0 |       90 |        0 |     512 |    8192 |
| 121372 | Umbrage                                         |      23717 |        0 |         0 |          0 |         -1 |         0 |          0 |       24465 |          0 |           0 |          -1 |          0 |           0 |       90 |        0 |   15360 |    8192 |
| 121373 | Beast King's Scepter                            |      23715 |        0 |         0 |          0 |         -1 |         0 |          0 |       24465 |          0 |           0 |          -1 |          0 |           0 |       90 |        0 |     546 |    8192 |
| 122060 | Wand of Uncertain Dreams                        |      23794 |        0 |         0 |          0 |         -1 |         0 |          0 |       24462 |          0 |           0 |          -1 |          0 |           0 |       80 |       85 |   15906 |    8192 |
| 122264 | Erud's Ensorcelled Cane                         |      23775 |        0 |         0 |          0 |         -1 |         0 |          0 |       24463 |          0 |           0 |          -1 |          0 |           0 |       85 |       90 |   15360 |    8192 |
| 122265 | Blessed Scepter of Prexus                       |      23774 |        0 |         0 |          0 |         -1 |         0 |          0 |       20599 |          0 |           0 |          -1 |          0 |           0 |       85 |       90 |     546 |    8192 |
| 122465 | Stave of the Limper                             |      23815 |        0 |         0 |          0 |         -1 |         0 |          0 |       24463 |          0 |           0 |          -1 |          0 |           0 |       87 |       90 |   15360 |    8192 |
| 122467 | Brightforce                                     |      23814 |        0 |         0 |          0 |         -1 |         0 |          0 |       20599 |          0 |           0 |          -1 |          0 |           0 |       87 |       90 |     546 |    8192 |
| 122474 | Archstave of Terris-Thule                       |      23818 |        0 |         0 |          0 |         -1 |         0 |          0 |       24466 |          0 |           0 |          -1 |          0 |           0 |       87 |       90 |   15360 |    8192 |
| 122665 | Nocturnus, Rod of the Sleepless                 |      23715 |        0 |         0 |          0 |         -1 |         0 |          0 |       24463 |          0 |           0 |          -1 |          0 |           0 |       90 |        0 |   15360 |    8192 |
| 122667 | Mace of the Dead                                |      23714 |        0 |         0 |          0 |         -1 |         0 |          0 |       20599 |          0 |           0 |          -1 |          0 |           0 |       90 |        0 |     546 |    8192 |
| 122673 | Dreamstaff of Reverie                           |      23718 |        0 |         0 |          0 |         -1 |         0 |          0 |       24466 |          0 |           0 |          -1 |          0 |           0 |       90 |        0 |   15360 |    8192 |
| 127273 | Moonglow                                        |         -1 |        0 |         0 |          0 |         -1 |         0 |          0 |       24490 |          0 |           0 |          -1 |          0 |           0 |       85 |       90 |   15906 |   24576 |
| 127316 | Keramar's Wand                                  |      23754 |        0 |         0 |          0 |         -1 |         0 |          0 |       24462 |          0 |           0 |          -1 |          0 |           0 |       85 |       90 |   15360 |    8192 |
| 127317 | Flanged Argathian Mace                          |      23754 |        0 |         0 |          0 |         -1 |         0 |          0 |       24462 |          0 |           0 |          -1 |          0 |           0 |       85 |       90 |     546 |    8192 |
| 127322 | Simple Alaran Sacrificial Dagger                |      23934 |        0 |         0 |          0 |         -1 |         0 |          0 |       24373 |          0 |           0 |          -1 |          0 |           0 |       85 |       90 |   15360 |    8192 |
| 127715 | Rod of the Waves                                |      23735 |        0 |         0 |          0 |         -1 |         0 |          0 |       24463 |          0 |           0 |          -1 |          0 |           0 |       87 |       92 |   15360 |    8192 |
| 127716 | Battlesteel Hammer                              |      23735 |        0 |         0 |          0 |         -1 |         0 |          0 |       24463 |          0 |           0 |          -1 |          0 |           0 |       87 |       92 |     546 |    8192 |
| 127721 | Kyzer's Ritual Dagger                           |      23934 |        0 |         0 |          0 |         -1 |         0 |          0 |       24373 |          0 |           0 |          -1 |          0 |           0 |       87 |       92 |   15360 |    8192 |
| 127726 | Archon's Battlestaff                            |      23738 |        0 |         0 |          0 |         -1 |         0 |          0 |       24466 |          0 |           0 |          -1 |          0 |           0 |       87 |       92 |   15360 |    8192 |
| 128076 | Globe of the Ocean                              |         -1 |        0 |         0 |          0 |         -1 |         0 |          0 |       24452 |          0 |           0 |          -1 |          0 |           0 |       90 |       95 |   15906 |   24576 |
| 128077 | Scum-Covered Crystal                            |         -1 |        0 |         0 |          0 |         -1 |         0 |          0 |       24387 |          0 |           0 |          -1 |          0 |           0 |       90 |       95 |   15906 |   24576 |
| 128078 | Tangledeath's Core                              |         -1 |        0 |         0 |          0 |         -1 |         0 |          0 |       24517 |          0 |           0 |          -1 |          0 |           0 |       90 |       95 |   15906 |   24576 |
| 128119 | Energetic Rod                                   |      24562 |        0 |         0 |          0 |         -1 |         0 |          0 |       24530 |          0 |           0 |          -1 |          0 |           0 |       90 |       95 |   15360 |    8192 |
| 128120 | Scepter of the Rat Queen                        |      24562 |        0 |         0 |          0 |         -1 |         0 |          0 |       24530 |          0 |           0 |          -1 |          0 |           0 |       90 |       95 |     546 |    8192 |
| 128130 | Staff of the Recruiter                          |      24566 |        0 |         0 |          0 |         -1 |         0 |          0 |       24533 |          0 |           0 |          -1 |          0 |           0 |       90 |       95 |   15360 |    8192 |
| 128131 | Thunderspike Maul                               |      24338 |        0 |         0 |          0 |         -1 |         0 |          0 |       24533 |          0 |           0 |          -1 |          0 |           0 |       90 |       95 |     546 |    8192 |
| 128476 | Covetous Shard of Crystallized Light            |         -1 |        0 |         0 |          0 |         -1 |         0 |          0 |       24426 |          0 |           0 |          -1 |          0 |           0 |       95 |        0 |   15906 |   24576 |
| 128477 | Symbol of Pain                                  |         -1 |        0 |         0 |          0 |         -1 |         0 |          0 |       24504 |          0 |           0 |          -1 |          0 |           0 |       95 |        0 |   15906 |   24576 |
| 128482 | Mirror of Spiritual Reflection                  |         -1 |        0 |         0 |          0 |         -1 |         0 |          0 |       24463 |          0 |           0 |          -1 |          0 |           0 |       95 |        0 |   15906 |   24576 |
| 128483 | Cracked Shard of Frozen Light                   |         -1 |        0 |         0 |          0 |         -1 |         0 |          0 |       24374 |          0 |           0 |          -1 |          0 |           0 |       95 |        0 |   15906 |   24576 |
| 128484 | Purified Blood Shard                            |         -1 |        0 |         0 |          0 |         -1 |         0 |          0 |       24400 |          0 |           0 |          -1 |          0 |           0 |       95 |        0 |   15906 |   24576 |
| 128485 | Pale Fragment of the Thelasa                    |         -1 |        0 |         0 |          0 |         -1 |         0 |          0 |       24530 |          0 |           0 |          -1 |          0 |           0 |       95 |        0 |   15906 |   24576 |
| 128504 | Mindlock's Ritual-Staff                         |      24275 |        0 |         0 |          0 |         -1 |         0 |          0 |       24463 |          0 |           0 |          -1 |          0 |           0 |       95 |        0 |    2048 |    8192 |
| 128506 | Skean of Cerebral Extraction                    |      24275 |        0 |         0 |          0 |         -1 |         0 |          0 |       24463 |          0 |           0 |          -1 |          0 |           0 |       95 |        0 |    8192 |    8192 |
| 128507 | Arched Blade of Gleaming Tricor                 |      24275 |        0 |         0 |          0 |         -1 |         0 |          0 |       24463 |          0 |           0 |          -1 |          0 |           0 |       95 |        0 |    1024 |    8192 |
| 128508 | Rod of the Scattered Elements                   |      24275 |        0 |         0 |          0 |         -1 |         0 |          0 |       24463 |          0 |           0 |          -1 |          0 |           0 |       95 |        0 |    4096 |    8192 |
| 128515 | Crystal-Bladed Sword                            |      24335 |        0 |         0 |          0 |         -1 |         0 |          0 |       24463 |          0 |           0 |          -1 |          0 |           0 |       95 |        0 |      32 |    8192 |
| 128519 | Agralta's Cudgel of Merit                       |      24335 |        0 |         0 |          0 |         -1 |         0 |          0 |       24463 |          0 |           0 |          -1 |          0 |           0 |       95 |        0 |       2 |    8192 |
| 128520 | Spernal's Spiraled Sceptre                      |      24563 |        0 |         0 |          0 |         -1 |         0 |          0 |       24387 |          0 |           0 |          -1 |          0 |           0 |       95 |        0 |   15360 |    8192 |
| 128521 | Tendros' Healing-Stick                          |      24275 |        0 |         0 |          0 |         -1 |         0 |          0 |       20249 |          0 |           0 |          -1 |          0 |           0 |       95 |        0 |     546 |    8192 |
| 128524 | Clampgrit's Pronged Spear                       |      24335 |        0 |         0 |          0 |         -1 |         0 |          0 |       24463 |          0 |           0 |          -1 |          0 |           0 |       95 |        0 |     512 |    8192 |
| 128531 | Bloodclaw Staff                                 |      24566 |        0 |         0 |          0 |         -1 |         0 |          0 |       24390 |          0 |           0 |          -1 |          0 |           0 |       95 |        0 |   15360 |    8192 |
| 128532 | Wavecrasher's Conch-Mace                        |      24566 |        0 |         0 |          0 |         -1 |         0 |          0 |       24390 |          0 |           0 |          -1 |          0 |           0 |       95 |        0 |     546 |    8192 |
| 128859 | Rod of Battle                                   |      23755 |        0 |         0 |          0 |         -1 |         0 |          0 |       24463 |          0 |           0 |          -1 |          0 |           0 |       85 |       90 |   15906 |    8192 |
| 129060 | Scepter of Oseka                                |      23756 |        0 |         0 |          0 |         -1 |         0 |          0 |       24464 |          0 |           0 |          -1 |          0 |           0 |       90 |       95 |   15906 |    8192 |
| 129264 | Staff of Clarification                          |      24564 |        0 |         0 |          0 |         -1 |         0 |          0 |       24401 |          0 |           0 |          -1 |          0 |           0 |       92 |       95 |   15360 |    8192 |
| 129266 | Radiant Mace                                    |      24335 |        0 |         0 |          0 |         -1 |         0 |          0 |       24400 |          0 |           0 |          -1 |          0 |           0 |       92 |       95 |     546 |    8192 |
| 129273 | Wavecasters Ceremonial Staff                    |      24567 |        0 |         0 |          0 |         -1 |         0 |          0 |       24404 |          0 |           0 |          -1 |          0 |           0 |       92 |       95 |   15360 |    8192 |
| 129464 | Ethic, Scepter of Law                           |      24276 |        0 |         0 |          0 |         -1 |         0 |          0 |       24464 |          0 |           0 |          -1 |          0 |           0 |       95 |        0 |   15360 |    8192 |
| 129466 | Thunder, Mace of Conviction                     |      24335 |        0 |         0 |          0 |         -1 |         0 |          0 |       24464 |          0 |           0 |          -1 |          0 |           0 |       95 |        0 |     546 |    8192 |
| 129472 | Staff of Unforgivable Folly                     |      24279 |        0 |         0 |          0 |         -1 |         0 |          0 |       24467 |          0 |           0 |          -1 |          0 |           0 |       95 |        0 |   15360 |    8192 |
| 132568 | Stormcaller's Crystallized Lightning            |         -1 |        0 |         0 |          0 |         -1 |         0 |          0 |       24479 |          0 |           0 |          -1 |          0 |           0 |       92 |       95 |   15906 |   24576 |
| 132569 | Smason's Bite                                   |         -1 |        0 |         0 |          0 |         -1 |         0 |          0 |       24414 |          0 |           0 |          -1 |          0 |           0 |       92 |       95 |   15906 |   24576 |
| 132586 | Grydon's Blazing Sceptre                        |      23737 |        0 |         0 |          0 |         -1 |         0 |          0 |       20249 |          0 |           0 |          -1 |          0 |           0 |       92 |       95 |     546 |    8192 |
| 132590 | Ry'Gorr Ceremonial Dagger                       |      23816 |        0 |         0 |          0 |         -1 |         0 |          0 |       24464 |          0 |           0 |          -1 |          0 |           0 |       92 |       95 |   15360 |    8192 |
| 132596 | Velium Staff of Obliteration                    |      24566 |        0 |         0 |          0 |         -1 |         0 |          0 |       24417 |          0 |           0 |          -1 |          0 |           0 |       92 |       95 |   15360 |    8192 |
| 132597 | Frozen Lunatic's Hammer                         |      23759 |        0 |         0 |          0 |         -1 |         0 |          0 |       24430 |          0 |           0 |          -1 |          0 |           0 |       92 |       95 |     546 |    8192 |
| 132918 | The Murderer's Heart                            |         -1 |        0 |         0 |          0 |         -1 |         0 |          0 |       24464 |          0 |           0 |          -1 |          0 |           0 |       98 |      100 |   15906 |   24576 |
| 132919 | Helping Hand                                    |         -1 |        0 |         0 |          0 |         -1 |         0 |          0 |       33415 |          0 |           0 |          -1 |          0 |           0 |       98 |      100 |   15906 |   24576 |
| 132920 | Crystallized Dragon Breath                      |         -1 |        0 |         0 |          0 |         -1 |         0 |          0 |       24492 |          0 |           0 |          -1 |          0 |           0 |       98 |      100 |   15906 |   24576 |
| 132921 | Rune of Tainting                                |         -1 |        0 |         0 |          0 |         -1 |         0 |          0 |       24546 |          0 |           0 |          -1 |          0 |           0 |       98 |      100 |   15906 |   24576 |
| 132922 | Sapping Sliver                                  |         -1 |        0 |         0 |          0 |         -1 |         0 |          0 |       24427 |          0 |           0 |          -1 |          0 |           0 |       98 |      100 |   15906 |   24576 |
| 132923 | The Queen's Diseased Heart                      |         -1 |        0 |         0 |          0 |         -1 |         0 |          0 |       24401 |          0 |           0 |          -1 |          0 |           0 |       98 |      100 |   15906 |   24576 |
| 132937 | Dew Scepter                                     |       8414 |        0 |         0 |          0 |         -1 |         0 |          0 |       24428 |          0 |           0 |          -1 |          0 |           0 |       98 |      100 |     546 |    8192 |
| 132938 | Sorrow's Bane                                   |      24337 |        0 |         0 |          0 |         -1 |         0 |          0 |       33415 |          0 |           0 |          -1 |          0 |           0 |       98 |      100 |     546 |    8192 |
| 132939 | The Defiler's Rebuke                            |      23816 |        0 |         0 |          0 |         -1 |         0 |          0 |       24464 |          0 |           0 |          -1 |          0 |           0 |       98 |      100 |   15360 |    8192 |
| 132951 | War Weilded Grotesque                           |      23859 |        0 |         0 |          0 |         -1 |         0 |          0 |       24417 |          0 |           0 |          -1 |          0 |           0 |       98 |      100 |   15360 |    8192 |
| 132952 | Mace of Life Draining                           |      24339 |        0 |         0 |          0 |         -1 |         0 |          0 |       24391 |          0 |           0 |          -1 |          0 |           0 |       98 |      100 |     546 |    8192 |
| 133176 | Zalifur Scale Belt                              |         -1 |        0 |         0 |          0 |         -1 |         0 |          0 |       24414 |          0 |           0 |       23405 |          0 |           0 |       98 |        0 |   15360 | 1048576 |
| 133266 | Dagger of Spectral Disruption                   |      24317 |        0 |         0 |          0 |         -1 |         0 |          0 |       24465 |          0 |           0 |          -1 |          0 |           0 |       95 |        0 |   15360 |    8192 |
| 133267 | Glory Abound                                    |      24337 |        0 |         0 |          0 |         -1 |         0 |          0 |       20599 |          0 |           0 |          -1 |          0 |           0 |       95 |        0 |     546 |    8192 |
| 133268 | Bonebasher                                      |      20739 |        0 |         0 |          0 |         -1 |         0 |          0 |       24363 |          0 |           0 |          -1 |          0 |           0 |       95 |        0 |     546 |    8192 |
| 133279 | Frosthewn Brawl Stick                           |      33263 |        0 |         0 |          0 |         -1 |         0 |          0 |       33351 |          0 |           0 |          -1 |          0 |           0 |       95 |        0 |   15360 |    8192 |
| 133280 | Frosthewn Greatmace                             |      33321 |        0 |         0 |          0 |         -1 |         0 |          0 |       33336 |          0 |           0 |          -1 |          0 |           0 |       95 |        0 |     546 |    8192 |
| 133566 | Heartstave                                      |      23857 |        0 |         0 |          0 |         -1 |         0 |          0 |       24415 |          0 |           0 |          -1 |          0 |           0 |      100 |        0 |   15360 |    8192 |
| 133567 | Starrla's Cloudy Pink Scepter of Veeshan        |      23917 |        0 |         0 |          0 |         -1 |         0 |          0 |       33416 |          0 |           0 |          -1 |          0 |           0 |      100 |        0 |     546 |    8192 |
| 133568 | Durew's Mace of Inverse Logic                   |      20739 |        0 |         0 |          0 |         -1 |         0 |          0 |       24441 |          0 |           0 |          -1 |          0 |           0 |      100 |        0 |     546 |    8192 |
| 133579 | Wuran's Staff of Decay                          |      33253 |        0 |         0 |          0 |         -1 |         0 |          0 |       33351 |          0 |           0 |          -1 |          0 |           0 |      100 |        0 |   15360 |    8192 |
| 133582 | Feartwisted Mace                                |      33321 |        0 |         0 |          0 |         -1 |         0 |          0 |       33346 |          0 |           0 |          -1 |          0 |           0 |      100 |        0 |     546 |    8192 |
| 139096 | Tempest Magic                                   |         -1 |        0 |         0 |          0 |         -1 |         0 |          0 |       24349 |          0 |           0 |          -1 |          0 |           0 |      100 |        0 |   15906 |   24576 |
| 139097 | Crushed Spirit Shard                            |         -1 |        0 |         0 |          0 |         -1 |         0 |          0 |       38612 |          0 |           0 |          -1 |          0 |           0 |      100 |        0 |   15906 |   24576 |
| 139120 | Moonlight Cudgel                                |       8414 |        0 |         0 |          0 |         -1 |         0 |          0 |       24346 |          0 |           0 |          -1 |          0 |           0 |      100 |        0 |     546 |    8192 |
| 139121 | Pacifying Skullcracker                          |      24564 |        0 |         0 |          0 |         -1 |         0 |          0 |       33415 |          0 |           0 |          -1 |          0 |           0 |      100 |        0 |     546 |    8192 |
| 139122 | Moonlight Staff                                 |      24564 |        0 |         0 |          0 |         -1 |         0 |          0 |       24464 |          0 |           0 |          -1 |          0 |           0 |      100 |        0 |   15360 |    8192 |
| 139126 | Moonlight Ceremonial Staff                      |      23899 |        0 |         0 |          0 |         -1 |         0 |          0 |       24430 |          0 |           0 |          -1 |          0 |           0 |      100 |        0 |     546 |    8192 |
| 139127 | The Rod of Favoritism                           |      23739 |        0 |         0 |          0 |         -1 |         0 |          0 |       24365 |          0 |           0 |          -1 |          0 |           0 |      100 |        0 |   15360 |    8192 |
| 139346 | The Lady's Entreaty                             |      23716 |        0 |         0 |          0 |         -1 |         0 |          0 |       24349 |          0 |           0 |       10608 |          0 |           0 |      100 |        0 |   15488 |    8192 |
| 139490 | Xin Xakreum, Baton of the War Spirit            |      20739 |        0 |         0 |          0 |         -1 |         0 |          0 |       24350 |          0 |           0 |          -1 |          0 |           0 |      100 |        0 |     546 |    8192 |
| 139491 | Verdant Mace of the Vicar                       |      24337 |        0 |         0 |          0 |         -1 |         0 |          0 |       33416 |          0 |           0 |          -1 |          0 |           0 |      100 |        0 |     546 |    8192 |
| 139492 | Crys Dator, Wand of Indentured                  |      23817 |        0 |         0 |          0 |         -1 |         0 |          0 |       24465 |          0 |           0 |          -1 |          0 |           0 |      100 |        0 |   15360 |    8192 |
| 139496 | Crescent Staff of the Shissar                   |      33238 |        0 |         0 |          0 |         -1 |         0 |          0 |       33336 |          0 |           0 |          -1 |          0 |           0 |      100 |        0 |   15360 |    8192 |
| 139497 | Xenu Xakra, Staff of Unlife                     |      33263 |        0 |         0 |          0 |         -1 |         0 |          0 |       33351 |          0 |           0 |          -1 |          0 |           0 |      100 |        0 |     546 |    8192 |
| 140220 | Fused Coral Scepter                             |      24565 |        0 |         0 |          0 |         -1 |         0 |          0 |       33416 |          0 |           0 |          -1 |          0 |           0 |      100 |        0 |     546 |    8192 |
| 140221 | Fused Coral Hammer                              |      38848 |        0 |         0 |          0 |         -1 |         0 |          0 |       24429 |          0 |           0 |          -1 |          0 |           0 |      100 |        0 |     546 |    8192 |
| 140222 | Fused Coral Wand                                |      23818 |        0 |         0 |          0 |         -1 |         0 |          0 |       24465 |          0 |           0 |          -1 |          0 |           0 |      100 |        0 |   15360 |    8192 |
| 140227 | Fused Coral Greathammer                         |      38848 |        0 |         0 |          0 |         -1 |         0 |          0 |       33362 |          0 |           0 |          -1 |          0 |           0 |      100 |        0 |     546 |    8192 |
| 140228 | Fused Coral Staff                               |      33229 |        0 |         0 |          0 |         -1 |         0 |          0 |       33327 |          0 |           0 |          -1 |          0 |           0 |      100 |        0 |   15360 |    8192 |
| 140599 | Ancient Diamond Spellcharm                      |         -1 |        0 |         0 |          0 |         -1 |         0 |          0 |       24351 |          0 |           0 |          -1 |          0 |           0 |      102 |        0 |   15906 |   24576 |
| 140600 | Ancient Opal Spellcharm                         |         -1 |        0 |         0 |          0 |         -1 |         0 |          0 |       38857 |          0 |           0 |          -1 |          0 |           0 |      102 |        0 |   15906 |   24576 |
| 140601 | Ancient Garnet Spellcharm                       |         -1 |        0 |         0 |          0 |         -1 |         0 |          0 |       24442 |          0 |           0 |          -1 |          0 |           0 |      102 |        0 |   15906 |   24576 |
| 140602 | Ancient Amethyst Spellcharm                     |         -1 |        0 |         0 |          0 |         -1 |         0 |          0 |       24520 |          0 |           0 |          -1 |          0 |           0 |      102 |        0 |   15906 |   24576 |
| 140620 | Siren's Mace                                    |      24566 |        0 |         0 |          0 |         -1 |         0 |          0 |       38857 |          0 |           0 |          -1 |          0 |           0 |      102 |        0 |     546 |    8192 |
| 140621 | Siren's Bludgeon                                |      38849 |        0 |         0 |          0 |         -1 |         0 |          0 |       38614 |          0 |           0 |          -1 |          0 |           0 |      102 |        0 |     546 |    8192 |
| 140622 | Dagger of Sinister Waters                       |      23818 |        0 |         0 |          0 |         -1 |         0 |          0 |       24466 |          0 |           0 |          -1 |          0 |           0 |      100 |        0 |    2048 |    8192 |
| 140627 | Siren's Sledge                                  |      38849 |        0 |         0 |          0 |         -1 |         0 |          0 |       33382 |          0 |           0 |          -1 |          0 |           0 |      102 |        0 |     546 |    8192 |
| 140628 | Siren's Tidal Staff                             |      33244 |        0 |         0 |          0 |         -1 |         0 |          0 |       33342 |          0 |           0 |          -1 |          0 |           0 |      102 |        0 |   15360 |    8192 |
| 140999 | Bone Shards of Frozen Marrow                    |         -1 |        0 |         0 |          0 |         -1 |         0 |          0 |       24378 |          0 |           0 |          -1 |          0 |           0 |      104 |        0 |   15906 |   24576 |
| 141000 | Pages of Power                                  |         -1 |        0 |         0 |          0 |         -1 |         0 |          0 |       24456 |          0 |           0 |          -1 |          0 |           0 |      104 |        0 |   15906 |   24576 |
| 141001 | Strange Triceratop's Horn                       |         -1 |        0 |         0 |          0 |         -1 |         0 |          0 |       24430 |          0 |           0 |          -1 |          0 |           0 |      104 |        0 |   15906 |   24576 |
| 141002 | Igniter's Firestone                             |         -1 |        0 |         0 |          0 |         -1 |         0 |          0 |       24495 |          0 |           0 |          -1 |          0 |           0 |      104 |        0 |   15906 |   24576 |
| 141020 | Wohda's Mace of Assuring Death                  |      24567 |        0 |         0 |          0 |         -1 |         0 |          0 |       33418 |          0 |           0 |          -1 |          0 |           0 |      104 |        0 |     546 |    8192 |
| 141021 | Vicarium's Hammer                               |      38849 |        0 |         0 |          0 |         -1 |         0 |          0 |       24365 |          0 |           0 |          -1 |          0 |           0 |      104 |        0 |     546 |    8192 |
| 141022 | Rod of the Cuisinier                            |      23819 |        0 |         0 |          0 |         -1 |         0 |          0 |       24467 |          0 |           0 |          -1 |          0 |           0 |      104 |        0 |   15360 |    8192 |
| 141027 | Vicarium's Wrath                                |      38849 |        0 |         0 |          0 |         -1 |         0 |          0 |       33327 |          0 |           0 |          -1 |          0 |           0 |      104 |        0 |     546 |    8192 |
| 141028 | Armelium                                        |      33239 |        0 |         0 |          0 |         -1 |         0 |          0 |       33337 |          0 |           0 |          -1 |          0 |           0 |      104 |        0 |   15360 |    8192 |
| 141492 | Rod of Apotheosis                               |      24566 |        0 |         0 |          0 |         -1 |         0 |          0 |       33417 |          0 |           0 |          -1 |          0 |           0 |      100 |        0 |     546 |    8192 |
| 141493 | Indagatrix Blade                                |      23819 |        0 |         0 |          0 |         -1 |         0 |          0 |       24466 |          0 |           0 |          -1 |          0 |           0 |      100 |        0 |   15360 |    8192 |
| 141495 | Staff of Apotheosis                             |      33235 |        0 |         0 |          0 |         -1 |         0 |          0 |       33333 |          0 |           0 |          -1 |          0 |           0 |      100 |        0 |   15360 |    8192 |
| 141601 | Nitora                                          |      24568 |        0 |         0 |          0 |         -1 |         0 |          0 |       33419 |          0 |           0 |          -1 |          0 |           0 |      100 |        0 |     546 |    8192 |
| 141602 | Gavel of the August                             |      38850 |        0 |         0 |          0 |         -1 |         0 |          0 |       33331 |          0 |           0 |          -1 |          0 |           0 |      100 |        0 |     546 |    8192 |
| 141603 | Sicarria Auctus                                 |      33253 |        0 |         0 |          0 |         -1 |         0 |          0 |       24468 |          0 |           0 |          -1 |          0 |           0 |      100 |        0 |   15360 |    8192 |
| 141608 | Sledge of the Indagatorum                       |      38850 |        0 |         0 |          0 |         -1 |         0 |          0 |       33328 |          0 |           0 |          -1 |          0 |           0 |      100 |        0 |     546 |    8192 |
| 141609 | Magna Fulgia                                    |      33240 |        0 |         0 |          0 |         -1 |         0 |          0 |       33338 |          0 |           0 |          -1 |          0 |           0 |      100 |        0 |   15360 |    8192 |
| 146640 | Grisly Fetish                                   |      23814 |        0 |         0 |          0 |         -1 |         0 |          0 |       24412 |          0 |           0 |          -1 |          0 |           0 |       75 |        0 |   32383 |    8192 |
| 147304 | Scepter of Dark Dedication                      |      24568 |        0 |         0 |          0 |         -1 |         0 |          0 |       33326 |          0 |           0 |          -1 |          0 |           0 |      100 |        0 |     546 |    8192 |
| 147305 | High Priestess' Purifier                        |      33228 |        0 |         0 |          0 |         -1 |         0 |          0 |       24468 |          0 |           0 |          -1 |          0 |           0 |      100 |        0 |   15360 |    8192 |
| 147306 | Beater of the Teeth                             |      24456 |        0 |         0 |          0 |         -1 |         0 |          0 |       23939 |          0 |           0 |          -1 |          0 |           0 |      100 |        0 |   15906 |    8192 |
| 147307 | Bureaucracy Cleaver                             |      24387 |        0 |         0 |          0 |         -1 |         0 |          0 |       23775 |          0 |           0 |          -1 |          0 |           0 |      100 |        0 |   32797 |    8192 |
| 147310 | Elegant Sulstone of the Thoughtful              |      23715 |        0 |         0 |          0 |         -1 |         0 |          0 |       24461 |          0 |           0 |          -1 |          0 |           0 |       75 |       80 |   15360 |   24576 |
| 147311 | Elegant Sulstone of the Focused                 |      23715 |        0 |         0 |          0 |         -1 |         0 |          0 |       24461 |          0 |           0 |          -1 |          0 |           0 |       75 |       80 |   15360 |   24576 |
| 147312 | Elegant Sulstone of the Compassionate           |      24335 |        0 |         0 |          0 |         -1 |         0 |          0 |       33412 |          0 |           0 |          -1 |          0 |           0 |       75 |       80 |     546 |   24576 |
| 147313 | Elegant Sulstone of the Wizened                 |      23716 |        0 |         0 |          0 |         -1 |         0 |          0 |       24349 |          0 |           0 |          -1 |          0 |           0 |       75 |       80 |     546 |    8192 |
| 147314 | Stalwart Sulstone of the Thoughtful             |      23716 |        0 |         0 |          0 |         -1 |         0 |          0 |       24462 |          0 |           0 |          -1 |          0 |           0 |       80 |       85 |   15360 |   24576 |
| 147315 | Stalwart Sulstone of the Focused                |      23716 |        0 |         0 |          0 |         -1 |         0 |          0 |       24462 |          0 |           0 |          -1 |          0 |           0 |       80 |       85 |   15360 |   24576 |
| 147316 | Stalwart Sulstone of the Compassionate          |      24336 |        0 |         0 |          0 |         -1 |         0 |          0 |       33413 |          0 |           0 |          -1 |          0 |           0 |       80 |       85 |     546 |   24576 |
| 147317 | Stalwart Sulstone of the Wizened                |      23717 |        0 |         0 |          0 |         -1 |         0 |          0 |       24350 |          0 |           0 |          -1 |          0 |           0 |       80 |       85 |     546 |    8192 |
| 147318 | Extravagant Sulstone of the Thoughtful          |      23717 |        0 |         0 |          0 |         -1 |         0 |          0 |       24463 |          0 |           0 |          -1 |          0 |           0 |       85 |       90 |   15360 |   24576 |
| 147319 | Extravagant Sulstone of the Focused             |      23717 |        0 |         0 |          0 |         -1 |         0 |          0 |       24463 |          0 |           0 |          -1 |          0 |           0 |       85 |       90 |   15360 |   24576 |
| 147320 | Extravagant Sulstone of the Compassionate       |      24337 |        0 |         0 |          0 |         -1 |         0 |          0 |       33414 |          0 |           0 |          -1 |          0 |           0 |       85 |       90 |     546 |   24576 |
| 147321 | Extravagant Sulstone of the Wizened             |      23718 |        0 |         0 |          0 |         -1 |         0 |          0 |       24351 |          0 |           0 |          -1 |          0 |           0 |       85 |       90 |     546 |    8192 |
| 147322 | Glorious Sulstone of the Thoughtful             |      23718 |        0 |         0 |          0 |         -1 |         0 |          0 |       24464 |          0 |           0 |          -1 |          0 |           0 |       90 |       95 |   15360 |   24576 |
| 147323 | Glorious Sulstone of the Focused                |      23718 |        0 |         0 |          0 |         -1 |         0 |          0 |       24464 |          0 |           0 |          -1 |          0 |           0 |       90 |       95 |   15360 |   24576 |
| 147324 | Glorious Sulstone of the Compassionate          |      24338 |        0 |         0 |          0 |         -1 |         0 |          0 |       33415 |          0 |           0 |          -1 |          0 |           0 |       90 |       95 |     546 |   24576 |
| 147325 | Glorious Sulstone of the Wizened                |      23719 |        0 |         0 |          0 |         -1 |         0 |          0 |       24352 |          0 |           0 |          -1 |          0 |           0 |       90 |       95 |     546 |    8192 |
| 147326 | Regal Sulstone of the Thoughtful                |      23719 |        0 |         0 |          0 |         -1 |         0 |          0 |       24465 |          0 |           0 |          -1 |          0 |           0 |       95 |      100 |   15360 |   24576 |
| 147327 | Regal Sulstone of the Focused                   |      23719 |        0 |         0 |          0 |         -1 |         0 |          0 |       24465 |          0 |           0 |          -1 |          0 |           0 |       95 |      100 |   15360 |   24576 |
| 147328 | Regal Sulstone of the Compassionate             |      24339 |        0 |         0 |          0 |         -1 |         0 |          0 |       33416 |          0 |           0 |          -1 |          0 |           0 |       95 |      100 |     546 |   24576 |
| 147329 | Regal Sulstone of the Wizened                   |      33228 |        0 |         0 |          0 |         -1 |         0 |          0 |       33326 |          0 |           0 |          -1 |          0 |           0 |       95 |      100 |     546 |    8192 |
| 147330 | August Sulstone of the Thoughtful               |      33228 |        0 |         0 |          0 |         -1 |         0 |          0 |       24466 |          0 |           0 |          -1 |          0 |           0 |      100 |      105 |   15360 |   24576 |
| 147331 | August Sulstone of the Focused                  |      33228 |        0 |         0 |          0 |         -1 |         0 |          0 |       24466 |          0 |           0 |          -1 |          0 |           0 |      100 |      105 |   15360 |   24576 |
| 147332 | August Sulstone of the Compassionate            |      33321 |        0 |         0 |          0 |         -1 |         0 |          0 |       33417 |          0 |           0 |          -1 |          0 |           0 |      100 |      105 |     546 |   24576 |
| 147333 | August Sulstone of the Wizened                  |      33229 |        0 |         0 |          0 |         -1 |         0 |          0 |       33327 |          0 |           0 |          -1 |          0 |           0 |      100 |      105 |     546 |    8192 |
| 147334 | Resplendent Sulstone of the Thoughtful          |      33228 |        0 |         0 |          0 |         -1 |         0 |          0 |       24468 |          0 |           0 |          -1 |          0 |           0 |      105 |      105 |   15360 |   24576 |
| 147335 | Resplendent Sulstone of the Focused             |      33228 |        0 |         0 |          0 |         -1 |         0 |          0 |       24468 |          0 |           0 |          -1 |          0 |           0 |      105 |      105 |   15360 |   24576 |
| 147336 | Resplendent Sulstone of the Compassionate       |      33321 |        0 |         0 |          0 |         -1 |         0 |          0 |       33419 |          0 |           0 |          -1 |          0 |           0 |      105 |      105 |     546 |   24576 |
| 147337 | Resplendent Sulstone of the Wizened             |      33230 |        0 |         0 |          0 |         -1 |         0 |          0 |       33328 |          0 |           0 |          -1 |          0 |           0 |      105 |      105 |     546 |    8192 |
| 147397 | Truesight Hammer                                |      49326 |        0 |         0 |          0 |         -1 |         0 |          0 |       24469 |          0 |           0 |          -1 |          0 |           0 |      100 |        0 |   15360 |    8192 |
| 147398 | DawnFire, Morning Star of Light                 |      49326 |        0 |         0 |          0 |         -1 |         0 |          0 |       33420 |          0 |           0 |          -1 |          0 |           0 |      100 |        0 |     546 |    8192 |
| 147403 | Staff of Undead Legions                         |      49327 |        0 |         0 |          0 |         -1 |         0 |          0 |       33334 |          0 |           0 |          -1 |          0 |           0 |      100 |        0 |   15360 |    8192 |
| 147404 | Barbarian Spiritist`s Hammer                    |      33256 |        0 |         0 |          0 |         -1 |         0 |          0 |       33354 |          0 |           0 |          -1 |          0 |           0 |      100 |        0 |     546 |    8192 |
| 147405 | Staff of the Earthcrafter                       |      33241 |        0 |         0 |          0 |         -1 |         0 |          0 |       33339 |          0 |           0 |          -1 |          0 |           0 |      100 |        0 |     546 |    8192 |
| 147406 | Withered Totem of Widdershins                   |      33324 |        0 |         0 |          0 |         -1 |         0 |          0 |       38619 |          0 |           0 |          -1 |          0 |           0 |      100 |        0 |     546 |    8192 |
| 147407 | Terror Condenser of the Faceless                |      33236 |        0 |         0 |          0 |         -1 |         0 |          0 |       33334 |          0 |           0 |          -1 |          0 |           0 |      100 |        0 |   15360 |    8192 |
| 147408 | Trepidus Evocator                               |      33246 |        0 |         0 |          0 |         -1 |         0 |          0 |       33344 |          0 |           0 |          -1 |          0 |           0 |      100 |        0 |   15360 |    8192 |
+--------+-------------------------------------------------+------------+----------+-----------+------------+------------+-----------+------------+-------------+------------+-------------+-------------+------------+-------------+----------+----------+---------+---------+
+------------------------------------+
| sympathetic_items_with_level_gates |
+------------------------------------+
|                                  0 |
+------------------------------------+
